ISO-10303-21;
HEADER;

/* File generated by Shapr3D Version 26.143.0.11521 */
/* MindReset | Read Pico enclosure
   SPDX-License-Identifier: CERN-OHL-P-2.0
   Source: https://github.com/MindReset/dot_open_platform
   Official website: https://dot.mindreset.tech
*/

FILE_DESCRIPTION(('MindReset Read Pico enclosure - STEP AP242'),'2;1');

FILE_NAME('read_0-enclosure.step',
'2026-09-17T18:39:30+08:00',
('MindReset'),
('MindReset'),
'HOOPS Exchange 2026.3',
'Shapr3D',
'Authorized');

FILE_SCHEMA( ('AP242_MANAGED_MODEL_BASED_3D_ENGINEERING_MIM_LF {1 0 10303 442 1 1 4}') );

ENDSEC;

DATA;
#3=(NAMED_UNIT(*)PLANE_ANGLE_UNIT()SI_UNIT($,.RADIAN.));
#4=PLANE_ANGLE_MEASURE_WITH_UNIT(PLANE_ANGLE_MEASURE(0.0174532925),#3);
#5=(CONVERSION_BASED_UNIT('DEGREE',#4)NAMED_UNIT(#6)PLANE_ANGLE_UNIT());
#6=DIMENSIONAL_EXPONENTS(0.,0.,0.,0.,0.,0.,0.);
#7=(NAMED_UNIT(*)SI_UNIT($,.STERADIAN.)SOLID_ANGLE_UNIT());
#8=(LENGTH_UNIT()NAMED_UNIT(*)SI_UNIT(.MILLI.,.METRE.));
#9=UNCERTAINTY_MEASURE_WITH_UNIT(LENGTH_MEASURE(1.000000E-05),#8,'DISTANCE_ACCURACY_VALUE','Maximum Tolerance applied to model');
#10=(GEOMETRIC_REPRESENTATION_CONTEXT(3)GLOBAL_UNCERTAINTY_ASSIGNED_CONTEXT((#9))GLOBAL_UNIT_ASSIGNED_CONTEXT((#8,#5,#7))REPRESENTATION_CONTEXT('','root'));
#12=CARTESIAN_POINT('',(0.,0.,0.));
#13=DIRECTION('',(0.,0.,1.));
#14=DIRECTION('',(1.,0.,0.));
#15=AXIS2_PLACEMENT_3D('',#12,#13,#14);
#27=CARTESIAN_POINT('',(0.,-32.425,-7.3));
#28=DIRECTION('',(0.,1.,0.));
#29=DIRECTION('',(0.,0.,1.));
#30=AXIS2_PLACEMENT_3D('',#27,#28,#29);
#31=PLANE('',#30);
#32=CARTESIAN_POINT('',(54.2,-32.425,-7.2));
#33=VERTEX_POINT('',#32);
#34=CARTESIAN_POINT('',(54.2,-32.425,-0.));
#35=VERTEX_POINT('',#34);
#36=CARTESIAN_POINT('',(54.2,-32.425,-7.2));
#37=DIRECTION('',(0.,0.,1.));
#38=VECTOR('',#37,7.2);
#39=LINE('',#36,#38);
#40=EDGE_CURVE('',#33,#35,#39,.T.);
#41=ORIENTED_EDGE('',*,*,#40,.T.);
#42=CARTESIAN_POINT('',(-54.2,-32.425,-0.));
#43=VERTEX_POINT('',#42);
#44=CARTESIAN_POINT('',(54.2,-32.425,-0.));
#45=DIRECTION('',(-1.,0.,0.));
#46=VECTOR('',#45,108.4);
#47=LINE('',#44,#46);
#48=EDGE_CURVE('',#35,#43,#47,.T.);
#49=ORIENTED_EDGE('',*,*,#48,.T.);
#50=CARTESIAN_POINT('',(-54.2,-32.425,-7.2));
#51=VERTEX_POINT('',#50);
#52=CARTESIAN_POINT('',(-54.2,-32.425,-7.2));
#53=DIRECTION('',(0.,0.,1.));
#54=VECTOR('',#53,7.2);
#55=LINE('',#52,#54);
#56=EDGE_CURVE('',#51,#43,#55,.T.);
#57=ORIENTED_EDGE('',*,*,#56,.F.);
#58=CARTESIAN_POINT('',(-54.2,-32.425,-7.2));
#59=DIRECTION('',(1.,0.,-0.));
#60=VECTOR('',#59,108.4);
#61=LINE('',#58,#60);
#62=EDGE_CURVE('',#51,#33,#61,.T.);
#63=ORIENTED_EDGE('',*,*,#62,.T.);
#64=EDGE_LOOP('',(#41,#49,#57,#63));
#65=FACE_BOUND('',#64,.T.);
#66=CARTESIAN_POINT('',(-2.57,-32.425,-4.63));
#67=VERTEX_POINT('',#66);
#68=CARTESIAN_POINT('',(-2.57,-32.425,-2.49));
#69=VERTEX_POINT('',#68);
#70=CARTESIAN_POINT('',(-2.57,-32.425,-3.56));
#71=DIRECTION('',(0.,-1.,0.));
#72=DIRECTION('',(0.,0.,-1.));
#73=AXIS2_PLACEMENT_3D('',#70,#71,#72);
#74=CIRCLE('',#73,1.07);
#75=EDGE_CURVE('',#67,#69,#74,.T.);
#76=ORIENTED_EDGE('',*,*,#75,.F.);
#77=CARTESIAN_POINT('',(-11.735948824,-32.425,-4.63));
#78=VERTEX_POINT('',#77);
#79=CARTESIAN_POINT('',(-2.57,-32.425,-4.63));
#80=DIRECTION('',(-1.,0.,0.));
#81=VECTOR('',#80,9.165948824);
#82=LINE('',#79,#81);
#83=EDGE_CURVE('',#67,#78,#82,.T.);
#84=ORIENTED_EDGE('',*,*,#83,.T.);
#85=CARTESIAN_POINT('',(-11.735948824,-32.425,-2.49));
#86=VERTEX_POINT('',#85);
#87=CARTESIAN_POINT('',(-11.735948824,-32.425,-3.56));
#88=DIRECTION('',(0.,-1.,0.));
#89=DIRECTION('',(0.,0.,1.));
#90=AXIS2_PLACEMENT_3D('',#87,#88,#89);
#91=CIRCLE('',#90,1.07);
#92=EDGE_CURVE('',#86,#78,#91,.T.);
#93=ORIENTED_EDGE('',*,*,#92,.F.);
#94=CARTESIAN_POINT('',(-2.57,-32.425,-2.49));
#95=DIRECTION('',(-1.,0.,0.));
#96=VECTOR('',#95,9.165948824);
#97=LINE('',#94,#96);
#98=EDGE_CURVE('',#69,#86,#97,.T.);
#99=ORIENTED_EDGE('',*,*,#98,.F.);
#100=EDGE_LOOP('',(#76,#84,#93,#99));
#101=FACE_BOUND('',#100,.T.);
#102=ADVANCED_FACE('',(#65,#101),#31,.F.);
#103=CARTESIAN_POINT('',(54.2,-28.5,-7.3));
#104=DIRECTION('',(0.,0.,1.));
#105=DIRECTION('',(1.,0.,-0.));
#106=AXIS2_PLACEMENT_3D('',#103,#104,#105);
#107=CYLINDRICAL_SURFACE('',#106,3.925);
#108=CARTESIAN_POINT('',(58.125,-28.5,-7.2));
#109=VERTEX_POINT('',#108);
#110=CARTESIAN_POINT('',(58.125,-28.5,-0.));
#111=VERTEX_POINT('',#110);
#112=CARTESIAN_POINT('',(58.125,-28.5,-7.2));
#113=DIRECTION('',(0.,0.,1.));
#114=VECTOR('',#113,7.2);
#115=LINE('',#112,#114);
#116=EDGE_CURVE('',#109,#111,#115,.T.);
#117=ORIENTED_EDGE('',*,*,#116,.T.);
#118=CARTESIAN_POINT('',(54.2,-28.5,-0.));
#119=DIRECTION('',(0.,0.,-1.));
#120=DIRECTION('',(-1.,0.,0.));
#121=AXIS2_PLACEMENT_3D('',#118,#119,#120);
#122=CIRCLE('',#121,3.925);
#123=EDGE_CURVE('',#111,#35,#122,.T.);
#124=ORIENTED_EDGE('',*,*,#123,.T.);
#125=ORIENTED_EDGE('',*,*,#40,.F.);
#126=CARTESIAN_POINT('',(54.2,-28.5,-7.2));
#127=DIRECTION('',(-0.,-0.,1.));
#128=DIRECTION('',(-1.,0.,0.));
#129=AXIS2_PLACEMENT_3D('',#126,#127,#128);
#130=CIRCLE('',#129,3.925);
#131=EDGE_CURVE('',#33,#109,#130,.T.);
#132=ORIENTED_EDGE('',*,*,#131,.T.);
#133=EDGE_LOOP('',(#117,#124,#125,#132));
#134=FACE_BOUND('',#133,.T.);
#135=ADVANCED_FACE('',(#134),#107,.T.);
#136=CARTESIAN_POINT('',(-54.2,-28.5,-7.3));
#137=DIRECTION('',(0.,0.,1.));
#138=DIRECTION('',(1.,0.,-0.));
#139=AXIS2_PLACEMENT_3D('',#136,#137,#138);
#140=CYLINDRICAL_SURFACE('',#139,3.925);
#141=ORIENTED_EDGE('',*,*,#56,.T.);
#142=CARTESIAN_POINT('',(-58.125,-28.5,-0.));
#143=VERTEX_POINT('',#142);
#144=CARTESIAN_POINT('',(-54.2,-28.5,-0.));
#145=DIRECTION('',(0.,0.,-1.));
#146=DIRECTION('',(-1.,0.,0.));
#147=AXIS2_PLACEMENT_3D('',#144,#145,#146);
#148=CIRCLE('',#147,3.925);
#149=EDGE_CURVE('',#43,#143,#148,.T.);
#150=ORIENTED_EDGE('',*,*,#149,.T.);
#151=CARTESIAN_POINT('',(-58.125,-28.5,-7.2));
#152=VERTEX_POINT('',#151);
#153=CARTESIAN_POINT('',(-58.125,-28.5,-7.2));
#154=DIRECTION('',(0.,0.,1.));
#155=VECTOR('',#154,7.2);
#156=LINE('',#153,#155);
#157=EDGE_CURVE('',#152,#143,#156,.T.);
#158=ORIENTED_EDGE('',*,*,#157,.F.);
#159=CARTESIAN_POINT('',(-54.2,-28.5,-7.2));
#160=DIRECTION('',(-0.,-0.,1.));
#161=DIRECTION('',(-1.,0.,0.));
#162=AXIS2_PLACEMENT_3D('',#159,#160,#161);
#163=CIRCLE('',#162,3.925);
#164=EDGE_CURVE('',#152,#51,#163,.T.);
#165=ORIENTED_EDGE('',*,*,#164,.T.);
#166=EDGE_LOOP('',(#141,#150,#158,#165));
#167=FACE_BOUND('',#166,.T.);
#168=ADVANCED_FACE('',(#167),#140,.T.);
#169=CARTESIAN_POINT('',(-58.125,0.,-7.3));
#170=DIRECTION('',(-1.,0.,0.));
#171=DIRECTION('',(0.,0.,1.));
#172=AXIS2_PLACEMENT_3D('',#169,#170,#171);
#173=PLANE('',#172);
#174=ORIENTED_EDGE('',*,*,#157,.T.);
#175=CARTESIAN_POINT('',(-58.125,28.5,-0.));
#176=VERTEX_POINT('',#175);
#177=CARTESIAN_POINT('',(-58.125,-28.5,-0.));
#178=DIRECTION('',(0.,1.,0.));
#179=VECTOR('',#178,57.);
#180=LINE('',#177,#179);
#181=EDGE_CURVE('',#143,#176,#180,.T.);
#182=ORIENTED_EDGE('',*,*,#181,.T.);
#183=CARTESIAN_POINT('',(-58.125,28.5,-7.2));
#184=VERTEX_POINT('',#183);
#185=CARTESIAN_POINT('',(-58.125,28.5,-7.2));
#186=DIRECTION('',(0.,0.,1.));
#187=VECTOR('',#186,7.2);
#188=LINE('',#185,#187);
#189=EDGE_CURVE('',#184,#176,#188,.T.);
#190=ORIENTED_EDGE('',*,*,#189,.F.);
#191=CARTESIAN_POINT('',(-58.125,28.5,-7.2));
#192=DIRECTION('',(0.,-1.,0.));
#193=VECTOR('',#192,57.);
#194=LINE('',#191,#193);
#195=EDGE_CURVE('',#184,#152,#194,.T.);
#196=ORIENTED_EDGE('',*,*,#195,.T.);
#197=EDGE_LOOP('',(#174,#182,#190,#196));
#198=FACE_BOUND('',#197,.T.);
#199=ADVANCED_FACE('',(#198),#173,.T.);
#200=CARTESIAN_POINT('',(-54.2,28.5,-7.3));
#201=DIRECTION('',(0.,0.,1.));
#202=DIRECTION('',(1.,0.,-0.));
#203=AXIS2_PLACEMENT_3D('',#200,#201,#202);
#204=CYLINDRICAL_SURFACE('',#203,3.925);
#205=ORIENTED_EDGE('',*,*,#189,.T.);
#206=CARTESIAN_POINT('',(-54.2,32.425,-0.));
#207=VERTEX_POINT('',#206);
#208=CARTESIAN_POINT('',(-54.2,28.5,-0.));
#209=DIRECTION('',(0.,0.,-1.));
#210=DIRECTION('',(-1.,0.,0.));
#211=AXIS2_PLACEMENT_3D('',#208,#209,#210);
#212=CIRCLE('',#211,3.925);
#213=EDGE_CURVE('',#176,#207,#212,.T.);
#214=ORIENTED_EDGE('',*,*,#213,.T.);
#215=CARTESIAN_POINT('',(-54.2,32.425,-7.2));
#216=VERTEX_POINT('',#215);
#217=CARTESIAN_POINT('',(-54.2,32.425,-7.2));
#218=DIRECTION('',(0.,0.,1.));
#219=VECTOR('',#218,7.2);
#220=LINE('',#217,#219);
#221=EDGE_CURVE('',#216,#207,#220,.T.);
#222=ORIENTED_EDGE('',*,*,#221,.F.);
#223=CARTESIAN_POINT('',(-54.2,28.5,-7.2));
#224=DIRECTION('',(-0.,-0.,1.));
#225=DIRECTION('',(-1.,0.,0.));
#226=AXIS2_PLACEMENT_3D('',#223,#224,#225);
#227=CIRCLE('',#226,3.925);
#228=EDGE_CURVE('',#216,#184,#227,.T.);
#229=ORIENTED_EDGE('',*,*,#228,.T.);
#230=EDGE_LOOP('',(#205,#214,#222,#229));
#231=FACE_BOUND('',#230,.T.);
#232=ADVANCED_FACE('',(#231),#204,.T.);
#233=CARTESIAN_POINT('',(0.,32.425,-7.3));
#234=DIRECTION('',(0.,1.,0.));
#235=DIRECTION('',(0.,0.,1.));
#236=AXIS2_PLACEMENT_3D('',#233,#234,#235);
#237=PLANE('',#236);
#238=ORIENTED_EDGE('',*,*,#221,.T.);
#239=CARTESIAN_POINT('',(54.2,32.425,-0.));
#240=VERTEX_POINT('',#239);
#241=CARTESIAN_POINT('',(-54.2,32.425,-0.));
#242=DIRECTION('',(1.,0.,-0.));
#243=VECTOR('',#242,108.4);
#244=LINE('',#241,#243);
#245=EDGE_CURVE('',#207,#240,#244,.T.);
#246=ORIENTED_EDGE('',*,*,#245,.T.);
#247=CARTESIAN_POINT('',(54.2,32.425,-7.2));
#248=VERTEX_POINT('',#247);
#249=CARTESIAN_POINT('',(54.2,32.425,-7.2));
#250=DIRECTION('',(0.,0.,1.));
#251=VECTOR('',#250,7.2);
#252=LINE('',#249,#251);
#253=EDGE_CURVE('',#248,#240,#252,.T.);
#254=ORIENTED_EDGE('',*,*,#253,.F.);
#255=CARTESIAN_POINT('',(54.2,32.425,-7.2));
#256=DIRECTION('',(-1.,0.,0.));
#257=VECTOR('',#256,108.4);
#258=LINE('',#255,#257);
#259=EDGE_CURVE('',#248,#216,#258,.T.);
#260=ORIENTED_EDGE('',*,*,#259,.T.);
#261=EDGE_LOOP('',(#238,#246,#254,#260));
#262=FACE_BOUND('',#261,.T.);
#263=ADVANCED_FACE('',(#262),#237,.T.);
#264=CARTESIAN_POINT('',(54.2,28.5,-7.3));
#265=DIRECTION('',(0.,0.,1.));
#266=DIRECTION('',(1.,0.,-0.));
#267=AXIS2_PLACEMENT_3D('',#264,#265,#266);
#268=CYLINDRICAL_SURFACE('',#267,3.925);
#269=ORIENTED_EDGE('',*,*,#253,.T.);
#270=CARTESIAN_POINT('',(58.125,28.5,-0.));
#271=VERTEX_POINT('',#270);
#272=CARTESIAN_POINT('',(54.2,28.5,-0.));
#273=DIRECTION('',(0.,0.,-1.));
#274=DIRECTION('',(-1.,0.,0.));
#275=AXIS2_PLACEMENT_3D('',#272,#273,#274);
#276=CIRCLE('',#275,3.925);
#277=EDGE_CURVE('',#240,#271,#276,.T.);
#278=ORIENTED_EDGE('',*,*,#277,.T.);
#279=CARTESIAN_POINT('',(58.125,28.5,-7.2));
#280=VERTEX_POINT('',#279);
#281=CARTESIAN_POINT('',(58.125,28.5,-7.2));
#282=DIRECTION('',(0.,0.,1.));
#283=VECTOR('',#282,7.2);
#284=LINE('',#281,#283);
#285=EDGE_CURVE('',#280,#271,#284,.T.);
#286=ORIENTED_EDGE('',*,*,#285,.F.);
#287=CARTESIAN_POINT('',(54.2,28.5,-7.2));
#288=DIRECTION('',(-0.,-0.,1.));
#289=DIRECTION('',(-1.,0.,0.));
#290=AXIS2_PLACEMENT_3D('',#287,#288,#289);
#291=CIRCLE('',#290,3.925);
#292=EDGE_CURVE('',#280,#248,#291,.T.);
#293=ORIENTED_EDGE('',*,*,#292,.T.);
#294=EDGE_LOOP('',(#269,#278,#286,#293));
#295=FACE_BOUND('',#294,.T.);
#296=ADVANCED_FACE('',(#295),#268,.T.);
#297=CARTESIAN_POINT('',(58.125,0.,-7.3));
#298=DIRECTION('',(-1.,0.,0.));
#299=DIRECTION('',(0.,0.,1.));
#300=AXIS2_PLACEMENT_3D('',#297,#298,#299);
#301=PLANE('',#300);
#302=ORIENTED_EDGE('',*,*,#285,.T.);
#303=CARTESIAN_POINT('',(58.125,28.5,-0.));
#304=DIRECTION('',(0.,-1.,0.));
#305=VECTOR('',#304,57.);
#306=LINE('',#303,#305);
#307=EDGE_CURVE('',#271,#111,#306,.T.);
#308=ORIENTED_EDGE('',*,*,#307,.T.);
#309=ORIENTED_EDGE('',*,*,#116,.F.);
#310=CARTESIAN_POINT('',(58.125,-28.5,-7.2));
#311=DIRECTION('',(0.,1.,0.));
#312=VECTOR('',#311,57.);
#313=LINE('',#310,#312);
#314=EDGE_CURVE('',#109,#280,#313,.T.);
#315=ORIENTED_EDGE('',*,*,#314,.T.);
#316=EDGE_LOOP('',(#302,#308,#309,#315));
#317=FACE_BOUND('',#316,.T.);
#318=ADVANCED_FACE('',(#317),#301,.F.);
#319=CARTESIAN_POINT('',(0.,0.,-7.3));
#320=DIRECTION('',(0.,0.,-1.));
#321=DIRECTION('',(0.,-1.,0.));
#322=AXIS2_PLACEMENT_3D('',#319,#320,#321);
#323=PLANE('',#322);
#324=CARTESIAN_POINT('',(-54.2,-32.325,-7.3));
#325=VERTEX_POINT('',#324);
#326=CARTESIAN_POINT('',(-58.025,-28.5,-7.3));
#327=VERTEX_POINT('',#326);
#328=CARTESIAN_POINT('',(-54.2,-28.5,-7.3));
#329=DIRECTION('',(0.,0.,-1.));
#330=DIRECTION('',(-1.,0.,0.));
#331=AXIS2_PLACEMENT_3D('',#328,#329,#330);
#332=CIRCLE('',#331,3.825);
#333=EDGE_CURVE('',#325,#327,#332,.T.);
#334=ORIENTED_EDGE('',*,*,#333,.T.);
#335=CARTESIAN_POINT('',(-58.025,28.5,-7.3));
#336=VERTEX_POINT('',#335);
#337=CARTESIAN_POINT('',(-58.025,-28.5,-7.3));
#338=DIRECTION('',(0.,1.,0.));
#339=VECTOR('',#338,57.);
#340=LINE('',#337,#339);
#341=EDGE_CURVE('',#327,#336,#340,.T.);
#342=ORIENTED_EDGE('',*,*,#341,.T.);
#343=CARTESIAN_POINT('',(-54.2,32.325,-7.3));
#344=VERTEX_POINT('',#343);
#345=CARTESIAN_POINT('',(-54.2,28.5,-7.3));
#346=DIRECTION('',(0.,0.,-1.));
#347=DIRECTION('',(-1.,0.,0.));
#348=AXIS2_PLACEMENT_3D('',#345,#346,#347);
#349=CIRCLE('',#348,3.825);
#350=EDGE_CURVE('',#336,#344,#349,.T.);
#351=ORIENTED_EDGE('',*,*,#350,.T.);
#352=CARTESIAN_POINT('',(54.2,32.325,-7.3));
#353=VERTEX_POINT('',#352);
#354=CARTESIAN_POINT('',(-54.2,32.325,-7.3));
#355=DIRECTION('',(1.,0.,-0.));
#356=VECTOR('',#355,108.4);
#357=LINE('',#354,#356);
#358=EDGE_CURVE('',#344,#353,#357,.T.);
#359=ORIENTED_EDGE('',*,*,#358,.T.);
#360=CARTESIAN_POINT('',(58.025,28.5,-7.3));
#361=VERTEX_POINT('',#360);
#362=CARTESIAN_POINT('',(54.2,28.5,-7.3));
#363=DIRECTION('',(0.,0.,-1.));
#364=DIRECTION('',(-1.,0.,0.));
#365=AXIS2_PLACEMENT_3D('',#362,#363,#364);
#366=CIRCLE('',#365,3.825);
#367=EDGE_CURVE('',#353,#361,#366,.T.);
#368=ORIENTED_EDGE('',*,*,#367,.T.);
#369=CARTESIAN_POINT('',(58.025,-28.5,-7.3));
#370=VERTEX_POINT('',#369);
#371=CARTESIAN_POINT('',(58.025,28.5,-7.3));
#372=DIRECTION('',(0.,-1.,0.));
#373=VECTOR('',#372,57.);
#374=LINE('',#371,#373);
#375=EDGE_CURVE('',#361,#370,#374,.T.);
#376=ORIENTED_EDGE('',*,*,#375,.T.);
#377=CARTESIAN_POINT('',(54.2,-32.325,-7.3));
#378=VERTEX_POINT('',#377);
#379=CARTESIAN_POINT('',(54.2,-28.5,-7.3));
#380=DIRECTION('',(0.,0.,-1.));
#381=DIRECTION('',(-1.,0.,0.));
#382=AXIS2_PLACEMENT_3D('',#379,#380,#381);
#383=CIRCLE('',#382,3.825);
#384=EDGE_CURVE('',#370,#378,#383,.T.);
#385=ORIENTED_EDGE('',*,*,#384,.T.);
#386=CARTESIAN_POINT('',(54.2,-32.325,-7.3));
#387=DIRECTION('',(-1.,0.,0.));
#388=VECTOR('',#387,108.4);
#389=LINE('',#386,#388);
#390=EDGE_CURVE('',#378,#325,#389,.T.);
#391=ORIENTED_EDGE('',*,*,#390,.T.);
#392=EDGE_LOOP('',(#334,#342,#351,#359,#368,#376,#385,#391));
#393=FACE_BOUND('',#392,.T.);
#394=ADVANCED_FACE('',(#393),#323,.T.);
#395=CARTESIAN_POINT('',(0.,0.,0.1));
#396=DIRECTION('',(0.,0.,-1.));
#397=DIRECTION('',(0.,-1.,0.));
#398=AXIS2_PLACEMENT_3D('',#395,#396,#397);
#399=PLANE('',#398);
#400=CARTESIAN_POINT('',(54.2,-32.325,0.1));
#401=VERTEX_POINT('',#400);
#402=CARTESIAN_POINT('',(58.025,-28.5,0.1));
#403=VERTEX_POINT('',#402);
#404=CARTESIAN_POINT('',(54.2,-28.5,0.1));
#405=DIRECTION('',(-0.,-0.,1.));
#406=DIRECTION('',(-1.,0.,0.));
#407=AXIS2_PLACEMENT_3D('',#404,#405,#406);
#408=CIRCLE('',#407,3.825);
#409=EDGE_CURVE('',#401,#403,#408,.T.);
#410=ORIENTED_EDGE('',*,*,#409,.T.);
#411=CARTESIAN_POINT('',(58.025,28.5,0.1));
#412=VERTEX_POINT('',#411);
#413=CARTESIAN_POINT('',(58.025,-28.5,0.1));
#414=DIRECTION('',(0.,1.,0.));
#415=VECTOR('',#414,57.);
#416=LINE('',#413,#415);
#417=EDGE_CURVE('',#403,#412,#416,.T.);
#418=ORIENTED_EDGE('',*,*,#417,.T.);
#419=CARTESIAN_POINT('',(54.2,32.325,0.1));
#420=VERTEX_POINT('',#419);
#421=CARTESIAN_POINT('',(54.2,28.5,0.1));
#422=DIRECTION('',(-0.,-0.,1.));
#423=DIRECTION('',(-1.,0.,0.));
#424=AXIS2_PLACEMENT_3D('',#421,#422,#423);
#425=CIRCLE('',#424,3.825);
#426=EDGE_CURVE('',#412,#420,#425,.T.);
#427=ORIENTED_EDGE('',*,*,#426,.T.);
#428=CARTESIAN_POINT('',(-54.2,32.325,0.1));
#429=VERTEX_POINT('',#428);
#430=CARTESIAN_POINT('',(54.2,32.325,0.1));
#431=DIRECTION('',(-1.,0.,0.));
#432=VECTOR('',#431,108.4);
#433=LINE('',#430,#432);
#434=EDGE_CURVE('',#420,#429,#433,.T.);
#435=ORIENTED_EDGE('',*,*,#434,.T.);
#436=CARTESIAN_POINT('',(-58.025,28.5,0.1));
#437=VERTEX_POINT('',#436);
#438=CARTESIAN_POINT('',(-54.2,28.5,0.1));
#439=DIRECTION('',(-0.,-0.,1.));
#440=DIRECTION('',(-1.,0.,0.));
#441=AXIS2_PLACEMENT_3D('',#438,#439,#440);
#442=CIRCLE('',#441,3.825);
#443=EDGE_CURVE('',#429,#437,#442,.T.);
#444=ORIENTED_EDGE('',*,*,#443,.T.);
#445=CARTESIAN_POINT('',(-58.025,-28.5,0.1));
#446=VERTEX_POINT('',#445);
#447=CARTESIAN_POINT('',(-58.025,28.5,0.1));
#448=DIRECTION('',(0.,-1.,0.));
#449=VECTOR('',#448,57.);
#450=LINE('',#447,#449);
#451=EDGE_CURVE('',#437,#446,#450,.T.);
#452=ORIENTED_EDGE('',*,*,#451,.T.);
#453=CARTESIAN_POINT('',(-54.2,-32.325,0.1));
#454=VERTEX_POINT('',#453);
#455=CARTESIAN_POINT('',(-54.2,-28.5,0.1));
#456=DIRECTION('',(-0.,-0.,1.));
#457=DIRECTION('',(-1.,0.,0.));
#458=AXIS2_PLACEMENT_3D('',#455,#456,#457);
#459=CIRCLE('',#458,3.825);
#460=EDGE_CURVE('',#446,#454,#459,.T.);
#461=ORIENTED_EDGE('',*,*,#460,.T.);
#462=CARTESIAN_POINT('',(-54.2,-32.325,0.1));
#463=DIRECTION('',(1.,0.,-0.));
#464=VECTOR('',#463,108.4);
#465=LINE('',#462,#464);
#466=EDGE_CURVE('',#454,#401,#465,.T.);
#467=ORIENTED_EDGE('',*,*,#466,.T.);
#468=EDGE_LOOP('',(#410,#418,#427,#435,#444,#452,#461,#467));
#469=FACE_BOUND('',#468,.T.);
#470=ADVANCED_FACE('',(#469),#399,.F.);
#471=CARTESIAN_POINT('',(58.025,0.,-7.3));
#472=DIRECTION('',(0.707106781,0.,-0.707106781));
#473=DIRECTION('',(0.,1.,0.));
#474=AXIS2_PLACEMENT_3D('',#471,#472,#473);
#475=PLANE('',#474);
#476=CARTESIAN_POINT('',(58.025,-28.5,-7.3));
#477=DIRECTION('',(0.707106781,0.,0.707106781));
#478=VECTOR('',#477,0.141421356);
#479=LINE('',#476,#478);
#480=EDGE_CURVE('',#370,#109,#479,.T.);
#481=ORIENTED_EDGE('',*,*,#480,.F.);
#482=ORIENTED_EDGE('',*,*,#375,.F.);
#483=CARTESIAN_POINT('',(58.125,28.5,-7.2));
#484=DIRECTION('',(-0.707106781,0.,-0.707106781));
#485=VECTOR('',#484,0.141421356);
#486=LINE('',#483,#485);
#487=EDGE_CURVE('',#280,#361,#486,.T.);
#488=ORIENTED_EDGE('',*,*,#487,.F.);
#489=ORIENTED_EDGE('',*,*,#314,.F.);
#490=EDGE_LOOP('',(#481,#482,#488,#489));
#491=FACE_BOUND('',#490,.T.);
#492=ADVANCED_FACE('',(#491),#475,.T.);
#493=CARTESIAN_POINT('',(54.2,28.5,-7.3));
#494=DIRECTION('',(0.,0.,1.));
#495=DIRECTION('',(1.,0.,-0.));
#496=AXIS2_PLACEMENT_3D('',#493,#494,#495);
#497=CONICAL_SURFACE('',#496,3.825,45.);
#498=ORIENTED_EDGE('',*,*,#487,.T.);
#499=ORIENTED_EDGE('',*,*,#367,.F.);
#500=CARTESIAN_POINT('',(54.2,32.425,-7.2));
#501=DIRECTION('',(0.,-0.707106781,-0.707106781));
#502=VECTOR('',#501,0.141421356);
#503=LINE('',#500,#502);
#504=EDGE_CURVE('',#248,#353,#503,.T.);
#505=ORIENTED_EDGE('',*,*,#504,.F.);
#506=ORIENTED_EDGE('',*,*,#292,.F.);
#507=EDGE_LOOP('',(#498,#499,#505,#506));
#508=FACE_BOUND('',#507,.T.);
#509=ADVANCED_FACE('',(#508),#497,.T.);
#510=CARTESIAN_POINT('',(54.2,-28.5,-7.3));
#511=DIRECTION('',(0.,0.,1.));
#512=DIRECTION('',(1.,0.,-0.));
#513=AXIS2_PLACEMENT_3D('',#510,#511,#512);
#514=CONICAL_SURFACE('',#513,3.825,45.);
#515=ORIENTED_EDGE('',*,*,#480,.T.);
#516=ORIENTED_EDGE('',*,*,#131,.F.);
#517=CARTESIAN_POINT('',(54.2,-32.325,-7.3));
#518=DIRECTION('',(0.,-0.707106781,0.707106781));
#519=VECTOR('',#518,0.141421356);
#520=LINE('',#517,#519);
#521=EDGE_CURVE('',#378,#33,#520,.T.);
#522=ORIENTED_EDGE('',*,*,#521,.F.);
#523=ORIENTED_EDGE('',*,*,#384,.F.);
#524=EDGE_LOOP('',(#515,#516,#522,#523));
#525=FACE_BOUND('',#524,.T.);
#526=ADVANCED_FACE('',(#525),#514,.T.);
#527=CARTESIAN_POINT('',(0.,32.425,-7.2));
#528=DIRECTION('',(0.,-0.707106781,0.707106781));
#529=DIRECTION('',(-1.,0.,0.));
#530=AXIS2_PLACEMENT_3D('',#527,#528,#529);
#531=PLANE('',#530);
#532=ORIENTED_EDGE('',*,*,#504,.T.);
#533=ORIENTED_EDGE('',*,*,#358,.F.);
#534=CARTESIAN_POINT('',(-54.2,32.425,-7.2));
#535=DIRECTION('',(0.,-0.707106781,-0.707106781));
#536=VECTOR('',#535,0.141421356);
#537=LINE('',#534,#536);
#538=EDGE_CURVE('',#216,#344,#537,.T.);
#539=ORIENTED_EDGE('',*,*,#538,.F.);
#540=ORIENTED_EDGE('',*,*,#259,.F.);
#541=EDGE_LOOP('',(#532,#533,#539,#540));
#542=FACE_BOUND('',#541,.T.);
#543=ADVANCED_FACE('',(#542),#531,.F.);
#544=CARTESIAN_POINT('',(0.,-32.325,-7.3));
#545=DIRECTION('',(0.,-0.707106781,-0.707106781));
#546=DIRECTION('',(1.,0.,0.));
#547=AXIS2_PLACEMENT_3D('',#544,#545,#546);
#548=PLANE('',#547);
#549=ORIENTED_EDGE('',*,*,#521,.T.);
#550=ORIENTED_EDGE('',*,*,#62,.F.);
#551=CARTESIAN_POINT('',(-54.2,-32.325,-7.3));
#552=DIRECTION('',(0.,-0.707106781,0.707106781));
#553=VECTOR('',#552,0.141421356);
#554=LINE('',#551,#553);
#555=EDGE_CURVE('',#325,#51,#554,.T.);
#556=ORIENTED_EDGE('',*,*,#555,.F.);
#557=ORIENTED_EDGE('',*,*,#390,.F.);
#558=EDGE_LOOP('',(#549,#550,#556,#557));
#559=FACE_BOUND('',#558,.T.);
#560=ADVANCED_FACE('',(#559),#548,.T.);
#561=CARTESIAN_POINT('',(-54.2,28.5,-7.3));
#562=DIRECTION('',(0.,0.,1.));
#563=DIRECTION('',(1.,0.,-0.));
#564=AXIS2_PLACEMENT_3D('',#561,#562,#563);
#565=CONICAL_SURFACE('',#564,3.825,45.);
#566=ORIENTED_EDGE('',*,*,#538,.T.);
#567=ORIENTED_EDGE('',*,*,#350,.F.);
#568=CARTESIAN_POINT('',(-58.125,28.5,-7.2));
#569=DIRECTION('',(0.707106781,0.,-0.707106781));
#570=VECTOR('',#569,0.141421356);
#571=LINE('',#568,#570);
#572=EDGE_CURVE('',#184,#336,#571,.T.);
#573=ORIENTED_EDGE('',*,*,#572,.F.);
#574=ORIENTED_EDGE('',*,*,#228,.F.);
#575=EDGE_LOOP('',(#566,#567,#573,#574));
#576=FACE_BOUND('',#575,.T.);
#577=ADVANCED_FACE('',(#576),#565,.T.);
#578=CARTESIAN_POINT('',(-54.2,-28.5,-7.3));
#579=DIRECTION('',(0.,0.,1.));
#580=DIRECTION('',(1.,0.,-0.));
#581=AXIS2_PLACEMENT_3D('',#578,#579,#580);
#582=CONICAL_SURFACE('',#581,3.825,45.);
#583=ORIENTED_EDGE('',*,*,#555,.T.);
#584=ORIENTED_EDGE('',*,*,#164,.F.);
#585=CARTESIAN_POINT('',(-58.025,-28.5,-7.3));
#586=DIRECTION('',(-0.707106781,0.,0.707106781));
#587=VECTOR('',#586,0.141421356);
#588=LINE('',#585,#587);
#589=EDGE_CURVE('',#327,#152,#588,.T.);
#590=ORIENTED_EDGE('',*,*,#589,.F.);
#591=ORIENTED_EDGE('',*,*,#333,.F.);
#592=EDGE_LOOP('',(#583,#584,#590,#591));
#593=FACE_BOUND('',#592,.T.);
#594=ADVANCED_FACE('',(#593),#582,.T.);
#595=CARTESIAN_POINT('',(-58.125,0.,-7.2));
#596=DIRECTION('',(0.707106781,0.,0.707106781));
#597=DIRECTION('',(0.,-1.,0.));
#598=AXIS2_PLACEMENT_3D('',#595,#596,#597);
#599=PLANE('',#598);
#600=ORIENTED_EDGE('',*,*,#572,.T.);
#601=ORIENTED_EDGE('',*,*,#341,.F.);
#602=ORIENTED_EDGE('',*,*,#589,.T.);
#603=ORIENTED_EDGE('',*,*,#195,.F.);
#604=EDGE_LOOP('',(#600,#601,#602,#603));
#605=FACE_BOUND('',#604,.T.);
#606=ADVANCED_FACE('',(#605),#599,.F.);
#607=CARTESIAN_POINT('',(-58.025,0.,0.1));
#608=DIRECTION('',(-0.707106781,0.,0.707106781));
#609=DIRECTION('',(0.,1.,0.));
#610=AXIS2_PLACEMENT_3D('',#607,#608,#609);
#611=PLANE('',#610);
#612=CARTESIAN_POINT('',(-58.025,-28.5,0.1));
#613=DIRECTION('',(-0.707106781,0.,-0.707106781));
#614=VECTOR('',#613,0.141421356);
#615=LINE('',#612,#614);
#616=EDGE_CURVE('',#446,#143,#615,.T.);
#617=ORIENTED_EDGE('',*,*,#616,.F.);
#618=ORIENTED_EDGE('',*,*,#451,.F.);
#619=CARTESIAN_POINT('',(-58.125,28.5,-0.));
#620=DIRECTION('',(0.707106781,0.,0.707106781));
#621=VECTOR('',#620,0.141421356);
#622=LINE('',#619,#621);
#623=EDGE_CURVE('',#176,#437,#622,.T.);
#624=ORIENTED_EDGE('',*,*,#623,.F.);
#625=ORIENTED_EDGE('',*,*,#181,.F.);
#626=EDGE_LOOP('',(#617,#618,#624,#625));
#627=FACE_BOUND('',#626,.T.);
#628=ADVANCED_FACE('',(#627),#611,.T.);
#629=CARTESIAN_POINT('',(-54.2,28.5,-0.));
#630=DIRECTION('',(0.,0.,-1.));
#631=DIRECTION('',(-1.,0.,0.));
#632=AXIS2_PLACEMENT_3D('',#629,#630,#631);
#633=CONICAL_SURFACE('',#632,3.925,45.);
#634=ORIENTED_EDGE('',*,*,#623,.T.);
#635=ORIENTED_EDGE('',*,*,#443,.F.);
#636=CARTESIAN_POINT('',(-54.2,32.425,0.));
#637=DIRECTION('',(0.,-0.707106781,0.707106781));
#638=VECTOR('',#637,0.141421356);
#639=LINE('',#636,#638);
#640=EDGE_CURVE('',#207,#429,#639,.T.);
#641=ORIENTED_EDGE('',*,*,#640,.F.);
#642=ORIENTED_EDGE('',*,*,#213,.F.);
#643=EDGE_LOOP('',(#634,#635,#641,#642));
#644=FACE_BOUND('',#643,.T.);
#645=ADVANCED_FACE('',(#644),#633,.T.);
#646=CARTESIAN_POINT('',(-54.2,-28.5,-0.));
#647=DIRECTION('',(0.,0.,-1.));
#648=DIRECTION('',(-1.,0.,0.));
#649=AXIS2_PLACEMENT_3D('',#646,#647,#648);
#650=CONICAL_SURFACE('',#649,3.925,45.);
#651=ORIENTED_EDGE('',*,*,#616,.T.);
#652=ORIENTED_EDGE('',*,*,#149,.F.);
#653=CARTESIAN_POINT('',(-54.2,-32.325,0.1));
#654=DIRECTION('',(0.,-0.707106781,-0.707106781));
#655=VECTOR('',#654,0.141421356);
#656=LINE('',#653,#655);
#657=EDGE_CURVE('',#454,#43,#656,.T.);
#658=ORIENTED_EDGE('',*,*,#657,.F.);
#659=ORIENTED_EDGE('',*,*,#460,.F.);
#660=EDGE_LOOP('',(#651,#652,#658,#659));
#661=FACE_BOUND('',#660,.T.);
#662=ADVANCED_FACE('',(#661),#650,.T.);
#663=CARTESIAN_POINT('',(0.,32.325,0.1));
#664=DIRECTION('',(0.,0.707106781,0.707106781));
#665=DIRECTION('',(1.,0.,0.));
#666=AXIS2_PLACEMENT_3D('',#663,#664,#665);
#667=PLANE('',#666);
#668=ORIENTED_EDGE('',*,*,#640,.T.);
#669=ORIENTED_EDGE('',*,*,#434,.F.);
#670=CARTESIAN_POINT('',(54.2,32.425,-0.));
#671=DIRECTION('',(0.,-0.707106781,0.707106781));
#672=VECTOR('',#671,0.141421356);
#673=LINE('',#670,#672);
#674=EDGE_CURVE('',#240,#420,#673,.T.);
#675=ORIENTED_EDGE('',*,*,#674,.F.);
#676=ORIENTED_EDGE('',*,*,#245,.F.);
#677=EDGE_LOOP('',(#668,#669,#675,#676));
#678=FACE_BOUND('',#677,.T.);
#679=ADVANCED_FACE('',(#678),#667,.T.);
#680=CARTESIAN_POINT('',(0.,-32.425,-0.));
#681=DIRECTION('',(0.,0.707106781,-0.707106781));
#682=DIRECTION('',(-1.,0.,0.));
#683=AXIS2_PLACEMENT_3D('',#680,#681,#682);
#684=PLANE('',#683);
#685=ORIENTED_EDGE('',*,*,#657,.T.);
#686=ORIENTED_EDGE('',*,*,#48,.F.);
#687=CARTESIAN_POINT('',(54.2,-32.325,0.1));
#688=DIRECTION('',(0.,-0.707106781,-0.707106781));
#689=VECTOR('',#688,0.141421356);
#690=LINE('',#687,#689);
#691=EDGE_CURVE('',#401,#35,#690,.T.);
#692=ORIENTED_EDGE('',*,*,#691,.F.);
#693=ORIENTED_EDGE('',*,*,#466,.F.);
#694=EDGE_LOOP('',(#685,#686,#692,#693));
#695=FACE_BOUND('',#694,.T.);
#696=ADVANCED_FACE('',(#695),#684,.F.);
#697=CARTESIAN_POINT('',(54.2,28.5,-0.));
#698=DIRECTION('',(0.,0.,-1.));
#699=DIRECTION('',(-1.,0.,0.));
#700=AXIS2_PLACEMENT_3D('',#697,#698,#699);
#701=CONICAL_SURFACE('',#700,3.925,45.);
#702=ORIENTED_EDGE('',*,*,#674,.T.);
#703=ORIENTED_EDGE('',*,*,#426,.F.);
#704=CARTESIAN_POINT('',(58.125,28.5,-0.));
#705=DIRECTION('',(-0.707106781,0.,0.707106781));
#706=VECTOR('',#705,0.141421356);
#707=LINE('',#704,#706);
#708=EDGE_CURVE('',#271,#412,#707,.T.);
#709=ORIENTED_EDGE('',*,*,#708,.F.);
#710=ORIENTED_EDGE('',*,*,#277,.F.);
#711=EDGE_LOOP('',(#702,#703,#709,#710));
#712=FACE_BOUND('',#711,.T.);
#713=ADVANCED_FACE('',(#712),#701,.T.);
#714=CARTESIAN_POINT('',(54.2,-28.5,-0.));
#715=DIRECTION('',(0.,0.,-1.));
#716=DIRECTION('',(-1.,0.,0.));
#717=AXIS2_PLACEMENT_3D('',#714,#715,#716);
#718=CONICAL_SURFACE('',#717,3.925,45.);
#719=ORIENTED_EDGE('',*,*,#691,.T.);
#720=ORIENTED_EDGE('',*,*,#123,.F.);
#721=CARTESIAN_POINT('',(58.025,-28.5,0.1));
#722=DIRECTION('',(0.707106781,0.,-0.707106781));
#723=VECTOR('',#722,0.141421356);
#724=LINE('',#721,#723);
#725=EDGE_CURVE('',#403,#111,#724,.T.);
#726=ORIENTED_EDGE('',*,*,#725,.F.);
#727=ORIENTED_EDGE('',*,*,#409,.F.);
#728=EDGE_LOOP('',(#719,#720,#726,#727));
#729=FACE_BOUND('',#728,.T.);
#730=ADVANCED_FACE('',(#729),#718,.T.);
#731=CARTESIAN_POINT('',(58.125,0.,-0.));
#732=DIRECTION('',(-0.707106781,0.,-0.707106781));
#733=DIRECTION('',(0.,-1.,0.));
#734=AXIS2_PLACEMENT_3D('',#731,#732,#733);
#735=PLANE('',#734);
#736=ORIENTED_EDGE('',*,*,#708,.T.);
#737=ORIENTED_EDGE('',*,*,#417,.F.);
#738=ORIENTED_EDGE('',*,*,#725,.T.);
#739=ORIENTED_EDGE('',*,*,#307,.F.);
#740=EDGE_LOOP('',(#736,#737,#738,#739));
#741=FACE_BOUND('',#740,.T.);
#742=ADVANCED_FACE('',(#741),#735,.F.);
#743=CARTESIAN_POINT('',(-7.152974412,-33.425,-4.63));
#744=DIRECTION('',(0.,0.,-1.));
#745=DIRECTION('',(-1.,0.,0.));
#746=AXIS2_PLACEMENT_3D('',#743,#744,#745);
#747=PLANE('',#746);
#748=CARTESIAN_POINT('',(-2.57,-33.325,-4.63));
#749=VERTEX_POINT('',#748);
#750=CARTESIAN_POINT('',(-2.57,-33.325,-4.63));
#751=DIRECTION('',(0.,1.,0.));
#752=VECTOR('',#751,0.9);
#753=LINE('',#750,#752);
#754=EDGE_CURVE('',#749,#67,#753,.T.);
#755=ORIENTED_EDGE('',*,*,#754,.F.);
#756=CARTESIAN_POINT('',(-11.735948824,-33.325,-4.63));
#757=VERTEX_POINT('',#756);
#758=CARTESIAN_POINT('',(-2.57,-33.325,-4.63));
#759=DIRECTION('',(-1.,0.,0.));
#760=VECTOR('',#759,9.165948824);
#761=LINE('',#758,#760);
#762=EDGE_CURVE('',#749,#757,#761,.T.);
#763=ORIENTED_EDGE('',*,*,#762,.T.);
#764=CARTESIAN_POINT('',(-11.735948824,-33.325,-4.63));
#765=DIRECTION('',(0.,1.,0.));
#766=VECTOR('',#765,0.9);
#767=LINE('',#764,#766);
#768=EDGE_CURVE('',#757,#78,#767,.T.);
#769=ORIENTED_EDGE('',*,*,#768,.T.);
#770=ORIENTED_EDGE('',*,*,#83,.F.);
#771=EDGE_LOOP('',(#755,#763,#769,#770));
#772=FACE_BOUND('',#771,.T.);
#773=ADVANCED_FACE('',(#772),#747,.T.);
#774=CARTESIAN_POINT('',(-2.57,-33.425,-3.56));
#775=DIRECTION('',(0.,1.,0.));
#776=DIRECTION('',(0.,-0.,1.));
#777=AXIS2_PLACEMENT_3D('',#774,#775,#776);
#778=CYLINDRICAL_SURFACE('',#777,1.07);
#779=CARTESIAN_POINT('',(-2.57,-33.325,-2.49));
#780=VERTEX_POINT('',#779);
#781=CARTESIAN_POINT('',(-2.57,-33.325,-2.49));
#782=DIRECTION('',(0.,1.,0.));
#783=VECTOR('',#782,0.9);
#784=LINE('',#781,#783);
#785=EDGE_CURVE('',#780,#69,#784,.T.);
#786=ORIENTED_EDGE('',*,*,#785,.F.);
#787=CARTESIAN_POINT('',(-2.57,-33.325,-3.56));
#788=DIRECTION('',(-0.,1.,-0.));
#789=DIRECTION('',(0.,0.,-1.));
#790=AXIS2_PLACEMENT_3D('',#787,#788,#789);
#791=CIRCLE('',#790,1.07);
#792=EDGE_CURVE('',#780,#749,#791,.T.);
#793=ORIENTED_EDGE('',*,*,#792,.T.);
#794=ORIENTED_EDGE('',*,*,#754,.T.);
#795=ORIENTED_EDGE('',*,*,#75,.T.);
#796=EDGE_LOOP('',(#786,#793,#794,#795));
#797=FACE_BOUND('',#796,.T.);
#798=ADVANCED_FACE('',(#797),#778,.T.);
#799=CARTESIAN_POINT('',(-7.152974412,-33.425,-2.49));
#800=DIRECTION('',(0.,0.,-1.));
#801=DIRECTION('',(-1.,0.,0.));
#802=AXIS2_PLACEMENT_3D('',#799,#800,#801);
#803=PLANE('',#802);
#804=CARTESIAN_POINT('',(-11.735948824,-33.325,-2.49));
#805=VERTEX_POINT('',#804);
#806=CARTESIAN_POINT('',(-11.735948824,-33.325,-2.49));
#807=DIRECTION('',(0.,1.,0.));
#808=VECTOR('',#807,0.9);
#809=LINE('',#806,#808);
#810=EDGE_CURVE('',#805,#86,#809,.T.);
#811=ORIENTED_EDGE('',*,*,#810,.F.);
#812=CARTESIAN_POINT('',(-11.735948824,-33.325,-2.49));
#813=DIRECTION('',(1.,0.,-0.));
#814=VECTOR('',#813,9.165948824);
#815=LINE('',#812,#814);
#816=EDGE_CURVE('',#805,#780,#815,.T.);
#817=ORIENTED_EDGE('',*,*,#816,.T.);
#818=ORIENTED_EDGE('',*,*,#785,.T.);
#819=ORIENTED_EDGE('',*,*,#98,.T.);
#820=EDGE_LOOP('',(#811,#817,#818,#819));
#821=FACE_BOUND('',#820,.T.);
#822=ADVANCED_FACE('',(#821),#803,.F.);
#823=CARTESIAN_POINT('',(-11.735948824,-33.425,-3.56));
#824=DIRECTION('',(0.,1.,0.));
#825=DIRECTION('',(0.,-0.,1.));
#826=AXIS2_PLACEMENT_3D('',#823,#824,#825);
#827=CYLINDRICAL_SURFACE('',#826,1.07);
#828=ORIENTED_EDGE('',*,*,#768,.F.);
#829=CARTESIAN_POINT('',(-11.735948824,-33.325,-3.56));
#830=DIRECTION('',(-0.,1.,-0.));
#831=DIRECTION('',(0.,0.,-1.));
#832=AXIS2_PLACEMENT_3D('',#829,#830,#831);
#833=CIRCLE('',#832,1.07);
#834=EDGE_CURVE('',#757,#805,#833,.T.);
#835=ORIENTED_EDGE('',*,*,#834,.T.);
#836=ORIENTED_EDGE('',*,*,#810,.T.);
#837=ORIENTED_EDGE('',*,*,#92,.T.);
#838=EDGE_LOOP('',(#828,#835,#836,#837));
#839=FACE_BOUND('',#838,.T.);
#840=ADVANCED_FACE('',(#839),#827,.T.);
#841=CARTESIAN_POINT('',(0.,-33.425,-7.3));
#842=DIRECTION('',(0.,-1.,0.));
#843=DIRECTION('',(0.,0.,-1.));
#844=AXIS2_PLACEMENT_3D('',#841,#842,#843);
#845=PLANE('',#844);
#846=CARTESIAN_POINT('',(-11.735948824,-33.425,-2.59));
#847=VERTEX_POINT('',#846);
#848=CARTESIAN_POINT('',(-11.735948824,-33.425,-4.53));
#849=VERTEX_POINT('',#848);
#850=CARTESIAN_POINT('',(-11.735948824,-33.425,-3.56));
#851=DIRECTION('',(0.,-1.,0.));
#852=DIRECTION('',(0.,0.,-1.));
#853=AXIS2_PLACEMENT_3D('',#850,#851,#852);
#854=CIRCLE('',#853,0.97);
#855=EDGE_CURVE('',#847,#849,#854,.T.);
#856=ORIENTED_EDGE('',*,*,#855,.T.);
#857=CARTESIAN_POINT('',(-2.57,-33.425,-4.53));
#858=VERTEX_POINT('',#857);
#859=CARTESIAN_POINT('',(-11.735948824,-33.425,-4.53));
#860=DIRECTION('',(1.,0.,-0.));
#861=VECTOR('',#860,9.165948824);
#862=LINE('',#859,#861);
#863=EDGE_CURVE('',#849,#858,#862,.T.);
#864=ORIENTED_EDGE('',*,*,#863,.T.);
#865=CARTESIAN_POINT('',(-2.57,-33.425,-2.59));
#866=VERTEX_POINT('',#865);
#867=CARTESIAN_POINT('',(-2.57,-33.425,-3.56));
#868=DIRECTION('',(0.,-1.,0.));
#869=DIRECTION('',(0.,0.,-1.));
#870=AXIS2_PLACEMENT_3D('',#867,#868,#869);
#871=CIRCLE('',#870,0.97);
#872=EDGE_CURVE('',#858,#866,#871,.T.);
#873=ORIENTED_EDGE('',*,*,#872,.T.);
#874=CARTESIAN_POINT('',(-2.57,-33.425,-2.59));
#875=DIRECTION('',(-1.,0.,0.));
#876=VECTOR('',#875,9.165948824);
#877=LINE('',#874,#876);
#878=EDGE_CURVE('',#866,#847,#877,.T.);
#879=ORIENTED_EDGE('',*,*,#878,.T.);
#880=EDGE_LOOP('',(#856,#864,#873,#879));
#881=FACE_BOUND('',#880,.T.);
#882=ADVANCED_FACE('',(#881),#845,.T.);
#883=CARTESIAN_POINT('',(0.,-33.425,-2.59));
#884=DIRECTION('',(0.,-0.707106781,0.707106781));
#885=DIRECTION('',(1.,0.,0.));
#886=AXIS2_PLACEMENT_3D('',#883,#884,#885);
#887=PLANE('',#886);
#888=CARTESIAN_POINT('',(-11.735948824,-33.425,-2.59));
#889=DIRECTION('',(0.,0.707106781,0.707106781));
#890=VECTOR('',#889,0.141421356);
#891=LINE('',#888,#890);
#892=EDGE_CURVE('',#847,#805,#891,.T.);
#893=ORIENTED_EDGE('',*,*,#892,.F.);
#894=ORIENTED_EDGE('',*,*,#878,.F.);
#895=CARTESIAN_POINT('',(-2.57,-33.325,-2.49));
#896=DIRECTION('',(0.,-0.707106781,-0.707106781));
#897=VECTOR('',#896,0.141421356);
#898=LINE('',#895,#897);
#899=EDGE_CURVE('',#780,#866,#898,.T.);
#900=ORIENTED_EDGE('',*,*,#899,.F.);
#901=ORIENTED_EDGE('',*,*,#816,.F.);
#902=EDGE_LOOP('',(#893,#894,#900,#901));
#903=FACE_BOUND('',#902,.T.);
#904=ADVANCED_FACE('',(#903),#887,.T.);
#905=CARTESIAN_POINT('',(-2.57,-33.425,-3.56));
#906=DIRECTION('',(0.,1.,0.));
#907=DIRECTION('',(0.,-0.,1.));
#908=AXIS2_PLACEMENT_3D('',#905,#906,#907);
#909=CONICAL_SURFACE('',#908,0.97,45.);
#910=ORIENTED_EDGE('',*,*,#899,.T.);
#911=ORIENTED_EDGE('',*,*,#872,.F.);
#912=CARTESIAN_POINT('',(-2.57,-33.325,-4.63));
#913=DIRECTION('',(0.,-0.707106781,0.707106781));
#914=VECTOR('',#913,0.141421356);
#915=LINE('',#912,#914);
#916=EDGE_CURVE('',#749,#858,#915,.T.);
#917=ORIENTED_EDGE('',*,*,#916,.F.);
#918=ORIENTED_EDGE('',*,*,#792,.F.);
#919=EDGE_LOOP('',(#910,#911,#917,#918));
#920=FACE_BOUND('',#919,.T.);
#921=ADVANCED_FACE('',(#920),#909,.T.);
#922=CARTESIAN_POINT('',(-11.735948824,-33.425,-3.56));
#923=DIRECTION('',(0.,1.,0.));
#924=DIRECTION('',(0.,-0.,1.));
#925=AXIS2_PLACEMENT_3D('',#922,#923,#924);
#926=CONICAL_SURFACE('',#925,0.97,45.);
#927=ORIENTED_EDGE('',*,*,#892,.T.);
#928=ORIENTED_EDGE('',*,*,#834,.F.);
#929=CARTESIAN_POINT('',(-11.735948824,-33.425,-4.53));
#930=DIRECTION('',(0.,0.707106781,-0.707106781));
#931=VECTOR('',#930,0.141421356);
#932=LINE('',#929,#931);
#933=EDGE_CURVE('',#849,#757,#932,.T.);
#934=ORIENTED_EDGE('',*,*,#933,.F.);
#935=ORIENTED_EDGE('',*,*,#855,.F.);
#936=EDGE_LOOP('',(#927,#928,#934,#935));
#937=FACE_BOUND('',#936,.T.);
#938=ADVANCED_FACE('',(#937),#926,.T.);
#939=CARTESIAN_POINT('',(-7.152974412,-33.325,-4.63));
#940=DIRECTION('',(0.,0.707106781,0.707106781));
#941=DIRECTION('',(-1.,0.,0.));
#942=AXIS2_PLACEMENT_3D('',#939,#940,#941);
#943=PLANE('',#942);
#944=ORIENTED_EDGE('',*,*,#916,.T.);
#945=ORIENTED_EDGE('',*,*,#863,.F.);
#946=ORIENTED_EDGE('',*,*,#933,.T.);
#947=ORIENTED_EDGE('',*,*,#762,.F.);
#948=EDGE_LOOP('',(#944,#945,#946,#947));
#949=FACE_BOUND('',#948,.T.);
#950=ADVANCED_FACE('',(#949),#943,.F.);
#951=CLOSED_SHELL('',(#102,#135,#168,#199,#232,#263,#296,#318,#394,#470,#492,#509,#526,#543,#560,#577,#594,#606,#628,#645,#662,#679,#696,#713,#730,#742,
#773,#798,#822,#840,#882,#904,#921,#938,#950));
#952=MANIFOLD_SOLID_BREP('\X2\5B9E4F53\X0\  02',#951);
#953=COLOUR_RGB('',0.627451003,0.627451003,0.643137276);
#954=FILL_AREA_STYLE_COLOUR('',#953);
#955=FILL_AREA_STYLE('',(#954));
#956=SURFACE_STYLE_FILL_AREA(#955);
#957=SURFACE_SIDE_STYLE('',(#956));
#958=SURFACE_STYLE_USAGE(.BOTH.,#957);
#959=PRESENTATION_STYLE_ASSIGNMENT((#958));
#26=STYLED_ITEM('',(#959),#952);
#960=(NAMED_UNIT(*)PLANE_ANGLE_UNIT()SI_UNIT($,.RADIAN.));
#961=PLANE_ANGLE_MEASURE_WITH_UNIT(PLANE_ANGLE_MEASURE(0.0174532925),#960);
#962=(CONVERSION_BASED_UNIT('DEGREE',#961)NAMED_UNIT(#963)PLANE_ANGLE_UNIT());
#963=DIMENSIONAL_EXPONENTS(0.,0.,0.,0.,0.,0.,0.);
#964=(NAMED_UNIT(*)SI_UNIT($,.STERADIAN.)SOLID_ANGLE_UNIT());
#965=(LENGTH_UNIT()NAMED_UNIT(*)SI_UNIT(.MILLI.,.METRE.));
#966=UNCERTAINTY_MEASURE_WITH_UNIT(LENGTH_MEASURE(1.000000E-03),#965,'DISTANCE_ACCURACY_VALUE','Maximum Tolerance applied to model');
#967=(GEOMETRIC_REPRESENTATION_CONTEXT(3)GLOBAL_UNCERTAINTY_ASSIGNED_CONTEXT((#966))GLOBAL_UNIT_ASSIGNED_CONTEXT((#965,#962,#964))REPRESENTATION_CONTEXT('','\X2\751F4EA78D446599\X0\20260912-02.step'));
#979=CARTESIAN_POINT('',(0.,0.,0.));
#980=DIRECTION('',(0.,0.,1.));
#981=DIRECTION('',(1.,0.,-0.));
#982=AXIS2_PLACEMENT_3D('',#979,#980,#981);
#983=ITEM_DEFINED_TRANSFORMATION('','',#982,#15);
#984=(REPRESENTATION_RELATIONSHIP('','',#969,#16)REPRESENTATION_RELATIONSHIP_WITH_TRANSFORMATION(#983)SHAPE_REPRESENTATION_RELATIONSHIP());
#985=NEXT_ASSEMBLY_USAGE_OCCURRENCE('\X2\751F4EA78D446599\X0\20260912-02.step_1','\X2\751F4EA78D446599\X0\20260912-02.step','\X2\751F4EA78D446599\X0\20260912-02.step',#25,#978,$);
#986=PRODUCT_DEFINITION_SHAPE('','',#985);
#987=CONTEXT_DEPENDENT_SHAPE_REPRESENTATION(#984,#986);
#988=(NAMED_UNIT(*)PLANE_ANGLE_UNIT()SI_UNIT($,.RADIAN.));
#989=PLANE_ANGLE_MEASURE_WITH_UNIT(PLANE_ANGLE_MEASURE(0.0174532925),#988);
#990=(CONVERSION_BASED_UNIT('DEGREE',#989)NAMED_UNIT(#991)PLANE_ANGLE_UNIT());
#991=DIMENSIONAL_EXPONENTS(0.,0.,0.,0.,0.,0.,0.);
#992=(NAMED_UNIT(*)SI_UNIT($,.STERADIAN.)SOLID_ANGLE_UNIT());
#993=(LENGTH_UNIT()NAMED_UNIT(*)SI_UNIT(.MILLI.,.METRE.));
#994=UNCERTAINTY_MEASURE_WITH_UNIT(LENGTH_MEASURE(1.000000E-05),#993,'DISTANCE_ACCURACY_VALUE','Maximum Tolerance applied to model');
#995=(GEOMETRIC_REPRESENTATION_CONTEXT(3)GLOBAL_UNCERTAINTY_ASSIGNED_CONTEXT((#994))GLOBAL_UNIT_ASSIGNED_CONTEXT((#993,#990,#992))REPRESENTATION_CONTEXT('','\X2\751F4EA78D446599\X0\20260912.step'));
#1007=CARTESIAN_POINT('',(0.,0.,0.));
#1008=DIRECTION('',(0.,0.,1.));
#1009=DIRECTION('',(1.,0.,-0.));
#1010=AXIS2_PLACEMENT_3D('',#1007,#1008,#1009);
#1011=ITEM_DEFINED_TRANSFORMATION('','',#1010,#15);
#1012=(REPRESENTATION_RELATIONSHIP('','',#997,#969)REPRESENTATION_RELATIONSHIP_WITH_TRANSFORMATION(#1011)SHAPE_REPRESENTATION_RELATIONSHIP());
#1013=NEXT_ASSEMBLY_USAGE_OCCURRENCE('\X2\751F4EA78D446599\X0\20260912.step_2','\X2\751F4EA78D446599\X0\20260912.step','\X2\751F4EA78D446599\X0\20260912.step',#978,#1006,$);
#1014=PRODUCT_DEFINITION_SHAPE('','',#1013);
#1015=CONTEXT_DEPENDENT_SHAPE_REPRESENTATION(#1012,#1014);
#1017=CARTESIAN_POINT('',(58.125,31.35,-7.5285));
#1018=DIRECTION('',(1.,0.,0.));
#1019=DIRECTION('',(0.,0.,1.));
#1020=AXIS2_PLACEMENT_3D('',#1017,#1018,#1019);
#1021=PLANE('',#1020);
#1022=CARTESIAN_POINT('',(58.125,28.5,0.));
#1023=VERTEX_POINT('',#1022);
#1024=CARTESIAN_POINT('',(58.125,28.5,-7.17));
#1025=VERTEX_POINT('',#1024);
#1026=CARTESIAN_POINT('',(58.125,28.5,0.));
#1027=DIRECTION('',(-0.,-0.,-1.));
#1028=VECTOR('',#1027,7.17);
#1029=LINE('',#1026,#1028);
#1030=EDGE_CURVE('',#1023,#1025,#1029,.T.);
#1031=ORIENTED_EDGE('',*,*,#1030,.T.);
#1032=CARTESIAN_POINT('',(58.125,-28.5,-7.17));
#1033=VERTEX_POINT('',#1032);
#1034=CARTESIAN_POINT('',(58.125,28.5,-7.17));
#1035=DIRECTION('',(0.,-1.,0.));
#1036=VECTOR('',#1035,57.);
#1037=LINE('',#1034,#1036);
#1038=EDGE_CURVE('',#1025,#1033,#1037,.T.);
#1039=ORIENTED_EDGE('',*,*,#1038,.T.);
#1040=CARTESIAN_POINT('',(58.125,-28.5,0.));
#1041=VERTEX_POINT('',#1040);
#1042=CARTESIAN_POINT('',(58.125,-28.5,-7.17));
#1043=DIRECTION('',(0.,0.,1.));
#1044=VECTOR('',#1043,7.17);
#1045=LINE('',#1042,#1044);
#1046=EDGE_CURVE('',#1033,#1041,#1045,.T.);
#1047=ORIENTED_EDGE('',*,*,#1046,.T.);
#1048=CARTESIAN_POINT('',(58.125,28.5,0.));
#1049=DIRECTION('',(-0.,-1.,-0.));
#1050=VECTOR('',#1049,57.);
#1051=LINE('',#1048,#1050);
#1052=EDGE_CURVE('',#1023,#1041,#1051,.T.);
#1053=ORIENTED_EDGE('',*,*,#1052,.F.);
#1054=EDGE_LOOP('',(#1031,#1039,#1047,#1053));
#1055=FACE_BOUND('',#1054,.T.);
#1056=ADVANCED_FACE('',(#1055),#1021,.F.);
#1057=OVER_RIDING_STYLED_ITEM('',(#959),#1056,#1016);
#1058=CARTESIAN_POINT('',(59.62,33.025,-0.201817459));
#1059=DIRECTION('',(0.,1.,0.));
#1060=DIRECTION('',(0.,0.,-1.));
#1061=AXIS2_PLACEMENT_3D('',#1058,#1059,#1060);
#1062=PLANE('',#1061);
#1063=CARTESIAN_POINT('',(45.68605666,33.025,-1.790809634));
#1064=VERTEX_POINT('',#1063);
#1065=CARTESIAN_POINT('',(44.65605666,33.025,-2.820809634));
#1066=VERTEX_POINT('',#1065);
#1067=CARTESIAN_POINT('',(45.68605666,33.025,-2.820809634));
#1068=DIRECTION('',(-0.,-1.,-0.));
#1069=DIRECTION('',(0.,-0.,1.));
#1070=AXIS2_PLACEMENT_3D('',#1067,#1068,#1069);
#1071=CIRCLE('',#1070,1.03);
#1072=EDGE_CURVE('',#1064,#1066,#1071,.T.);
#1073=ORIENTED_EDGE('',*,*,#1072,.T.);
#1074=CARTESIAN_POINT('',(44.65605666,33.025,-3.892809634));
#1075=VERTEX_POINT('',#1074);
#1076=CARTESIAN_POINT('',(44.65605666,33.025,-2.820809634));
#1077=DIRECTION('',(0.,0.,-1.));
#1078=VECTOR('',#1077,1.072);
#1079=LINE('',#1076,#1078);
#1080=EDGE_CURVE('',#1066,#1075,#1079,.T.);
#1081=ORIENTED_EDGE('',*,*,#1080,.T.);
#1082=CARTESIAN_POINT('',(45.68605666,33.025,-4.922809634));
#1083=VERTEX_POINT('',#1082);
#1084=CARTESIAN_POINT('',(45.68605666,33.025,-3.892809634));
#1085=DIRECTION('',(-0.,-1.,-0.));
#1086=DIRECTION('',(0.,-0.,1.));
#1087=AXIS2_PLACEMENT_3D('',#1084,#1085,#1086);
#1088=CIRCLE('',#1087,1.029999999);
#1089=EDGE_CURVE('',#1075,#1083,#1088,.T.);
#1090=ORIENTED_EDGE('',*,*,#1089,.T.);
#1091=CARTESIAN_POINT('',(52.82605666,33.025,-4.922809634));
#1092=VERTEX_POINT('',#1091);
#1093=CARTESIAN_POINT('',(45.68605666,33.025,-4.922809634));
#1094=DIRECTION('',(1.,-0.,-0.));
#1095=VECTOR('',#1094,7.14);
#1096=LINE('',#1093,#1095);
#1097=EDGE_CURVE('',#1083,#1092,#1096,.T.);
#1098=ORIENTED_EDGE('',*,*,#1097,.T.);
#1099=CARTESIAN_POINT('',(53.85605666,33.025,-3.892809634));
#1100=VERTEX_POINT('',#1099);
#1101=CARTESIAN_POINT('',(52.82605666,33.025,-3.892809634));
#1102=DIRECTION('',(-0.,-1.,-0.));
#1103=DIRECTION('',(0.,-0.,1.));
#1104=AXIS2_PLACEMENT_3D('',#1101,#1102,#1103);
#1105=CIRCLE('',#1104,1.03);
#1106=EDGE_CURVE('',#1092,#1100,#1105,.T.);
#1107=ORIENTED_EDGE('',*,*,#1106,.T.);
#1108=CARTESIAN_POINT('',(53.85605666,33.025,-2.820809634));
#1109=VERTEX_POINT('',#1108);
#1110=CARTESIAN_POINT('',(53.85605666,33.025,-3.892809634));
#1111=DIRECTION('',(-0.,-0.,1.));
#1112=VECTOR('',#1111,1.072);
#1113=LINE('',#1110,#1112);
#1114=EDGE_CURVE('',#1100,#1109,#1113,.T.);
#1115=ORIENTED_EDGE('',*,*,#1114,.T.);
#1116=CARTESIAN_POINT('',(52.82605666,33.025,-1.790809634));
#1117=VERTEX_POINT('',#1116);
#1118=CARTESIAN_POINT('',(52.82605666,33.025,-2.820809634));
#1119=DIRECTION('',(-0.,-1.,-0.));
#1120=DIRECTION('',(0.,-0.,1.));
#1121=AXIS2_PLACEMENT_3D('',#1118,#1119,#1120);
#1122=CIRCLE('',#1121,1.03);
#1123=EDGE_CURVE('',#1109,#1117,#1122,.T.);
#1124=ORIENTED_EDGE('',*,*,#1123,.T.);
#1125=CARTESIAN_POINT('',(52.82605666,33.025,-1.790809634));
#1126=DIRECTION('',(-1.,0.,0.));
#1127=VECTOR('',#1126,7.14);
#1128=LINE('',#1125,#1127);
#1129=EDGE_CURVE('',#1117,#1064,#1128,.T.);
#1130=ORIENTED_EDGE('',*,*,#1129,.T.);
#1131=EDGE_LOOP('',(#1073,#1081,#1090,#1098,#1107,#1115,#1124,#1130));
#1132=FACE_BOUND('',#1131,.T.);
#1133=CARTESIAN_POINT('',(-54.2,33.025,-6.612893219));
#1134=VERTEX_POINT('',#1133);
#1135=CARTESIAN_POINT('',(-54.2,33.025,-0.507106781));
#1136=VERTEX_POINT('',#1135);
#1137=CARTESIAN_POINT('',(-54.2,33.025,-6.612893219));
#1138=DIRECTION('',(-0.,-0.,1.));
#1139=VECTOR('',#1138,6.105786438);
#1140=LINE('',#1137,#1139);
#1141=EDGE_CURVE('',#1134,#1136,#1140,.T.);
#1142=ORIENTED_EDGE('',*,*,#1141,.T.);
#1143=CARTESIAN_POINT('',(54.2,33.025,-0.507106781));
#1144=VERTEX_POINT('',#1143);
#1145=CARTESIAN_POINT('',(-54.2,33.025,-0.507106781));
#1146=DIRECTION('',(1.,-0.,-0.));
#1147=VECTOR('',#1146,108.4);
#1148=LINE('',#1145,#1147);
#1149=EDGE_CURVE('',#1136,#1144,#1148,.T.);
#1150=ORIENTED_EDGE('',*,*,#1149,.T.);
#1151=CARTESIAN_POINT('',(54.2,33.025,-6.612893219));
#1152=VERTEX_POINT('',#1151);
#1153=CARTESIAN_POINT('',(54.2,33.025,-0.507106781));
#1154=DIRECTION('',(0.,0.,-1.));
#1155=VECTOR('',#1154,6.105786438);
#1156=LINE('',#1153,#1155);
#1157=EDGE_CURVE('',#1144,#1152,#1156,.T.);
#1158=ORIENTED_EDGE('',*,*,#1157,.T.);
#1159=CARTESIAN_POINT('',(54.2,33.025,-6.612893219));
#1160=DIRECTION('',(-1.,0.,0.));
#1161=VECTOR('',#1160,108.4);
#1162=LINE('',#1159,#1161);
#1163=EDGE_CURVE('',#1152,#1134,#1162,.T.);
#1164=ORIENTED_EDGE('',*,*,#1163,.T.);
#1165=EDGE_LOOP('',(#1142,#1150,#1158,#1164));
#1166=FACE_BOUND('',#1165,.T.);
#1167=ADVANCED_FACE('',(#1132,#1166),#1062,.T.);
#1168=CARTESIAN_POINT('',(-54.2,28.5,-5.0715));
#1169=DIRECTION('',(0.,-0.,1.));
#1170=DIRECTION('',(0.,1.,0.));
#1171=AXIS2_PLACEMENT_3D('',#1168,#1169,#1170);
#1172=CYLINDRICAL_SURFACE('',#1171,3.925);
#1173=CARTESIAN_POINT('',(-58.125,28.5,-7.17));
#1174=VERTEX_POINT('',#1173);
#1175=CARTESIAN_POINT('',(-58.125,28.5,0.));
#1176=VERTEX_POINT('',#1175);
#1177=CARTESIAN_POINT('',(-58.125,28.5,-7.17));
#1178=DIRECTION('',(-0.,-0.,1.));
#1179=VECTOR('',#1178,7.17);
#1180=LINE('',#1177,#1179);
#1181=EDGE_CURVE('',#1174,#1176,#1180,.T.);
#1182=ORIENTED_EDGE('',*,*,#1181,.F.);
#1183=CARTESIAN_POINT('',(-54.2,32.425,-7.17));
#1184=VERTEX_POINT('',#1183);
#1185=CARTESIAN_POINT('',(-54.2,28.5,-7.17));
#1186=DIRECTION('',(-0.,-0.,-1.));
#1187=DIRECTION('',(1.,0.,-0.));
#1188=AXIS2_PLACEMENT_3D('',#1185,#1186,#1187);
#1189=CIRCLE('',#1188,3.925);
#1190=EDGE_CURVE('',#1174,#1184,#1189,.T.);
#1191=ORIENTED_EDGE('',*,*,#1190,.T.);
#1192=CARTESIAN_POINT('',(-54.2,32.425,0.));
#1193=VERTEX_POINT('',#1192);
#1194=CARTESIAN_POINT('',(-54.2,32.425,0.));
#1195=DIRECTION('',(0.,0.,-1.));
#1196=VECTOR('',#1195,7.17);
#1197=LINE('',#1194,#1196);
#1198=EDGE_CURVE('',#1193,#1184,#1197,.T.);
#1199=ORIENTED_EDGE('',*,*,#1198,.F.);
#1200=CARTESIAN_POINT('',(-54.2,28.5,0.));
#1201=DIRECTION('',(-0.,-0.,-1.));
#1202=DIRECTION('',(1.,0.,-0.));
#1203=AXIS2_PLACEMENT_3D('',#1200,#1201,#1202);
#1204=CIRCLE('',#1203,3.925);
#1205=EDGE_CURVE('',#1176,#1193,#1204,.T.);
#1206=ORIENTED_EDGE('',*,*,#1205,.F.);
#1207=EDGE_LOOP('',(#1182,#1191,#1199,#1206));
#1208=FACE_BOUND('',#1207,.T.);
#1209=ADVANCED_FACE('',(#1208),#1172,.F.);
#1210=OVER_RIDING_STYLED_ITEM('',(#959),#1209,#1016);
#1211=CARTESIAN_POINT('',(59.62,32.425,0.2415));
#1212=DIRECTION('',(0.,1.,0.));
#1213=DIRECTION('',(0.,0.,-1.));
#1214=AXIS2_PLACEMENT_3D('',#1211,#1212,#1213);
#1215=PLANE('',#1214);
#1216=ORIENTED_EDGE('',*,*,#1198,.T.);
#1217=CARTESIAN_POINT('',(54.2,32.425,-7.17));
#1218=VERTEX_POINT('',#1217);
#1219=CARTESIAN_POINT('',(54.2,32.425,-7.17));
#1220=DIRECTION('',(-1.,0.,0.));
#1221=VECTOR('',#1220,108.4);
#1222=LINE('',#1219,#1221);
#1223=EDGE_CURVE('',#1218,#1184,#1222,.T.);
#1224=ORIENTED_EDGE('',*,*,#1223,.F.);
#1225=CARTESIAN_POINT('',(54.2,32.425,0.));
#1226=VERTEX_POINT('',#1225);
#1227=CARTESIAN_POINT('',(54.2,32.425,-7.17));
#1228=DIRECTION('',(-0.,-0.,1.));
#1229=VECTOR('',#1228,7.17);
#1230=LINE('',#1227,#1229);
#1231=EDGE_CURVE('',#1218,#1226,#1230,.T.);
#1232=ORIENTED_EDGE('',*,*,#1231,.T.);
#1233=CARTESIAN_POINT('',(-54.2,32.425,0.));
#1234=DIRECTION('',(1.,-0.,-0.));
#1235=VECTOR('',#1234,108.4);
#1236=LINE('',#1233,#1235);
#1237=EDGE_CURVE('',#1193,#1226,#1236,.T.);
#1238=ORIENTED_EDGE('',*,*,#1237,.F.);
#1239=EDGE_LOOP('',(#1216,#1224,#1232,#1238));
#1240=FACE_BOUND('',#1239,.T.);
#1241=CARTESIAN_POINT('',(45.68605666,32.425,-4.792809634));
#1242=VERTEX_POINT('',#1241);
#1243=CARTESIAN_POINT('',(52.82605666,32.425,-4.792809634));
#1244=VERTEX_POINT('',#1243);
#1245=CARTESIAN_POINT('',(45.68605666,32.425,-4.792809634));
#1246=DIRECTION('',(1.,-0.,-0.));
#1247=VECTOR('',#1246,7.14);
#1248=LINE('',#1245,#1247);
#1249=EDGE_CURVE('',#1242,#1244,#1248,.T.);
#1250=ORIENTED_EDGE('',*,*,#1249,.F.);
#1251=CARTESIAN_POINT('',(44.78605666,32.425,-3.892809634));
#1252=VERTEX_POINT('',#1251);
#1253=CARTESIAN_POINT('',(45.68605666,32.425,-3.892809634));
#1254=DIRECTION('',(0.,1.,0.));
#1255=DIRECTION('',(0.,-0.,1.));
#1256=AXIS2_PLACEMENT_3D('',#1253,#1254,#1255);
#1257=CIRCLE('',#1256,0.9);
#1258=EDGE_CURVE('',#1242,#1252,#1257,.T.);
#1259=ORIENTED_EDGE('',*,*,#1258,.T.);
#1260=CARTESIAN_POINT('',(44.78605666,32.425,-2.820809634));
#1261=VERTEX_POINT('',#1260);
#1262=CARTESIAN_POINT('',(44.78605666,32.425,-3.892809634));
#1263=DIRECTION('',(-0.,-0.,1.));
#1264=VECTOR('',#1263,1.072);
#1265=LINE('',#1262,#1264);
#1266=EDGE_CURVE('',#1252,#1261,#1265,.T.);
#1267=ORIENTED_EDGE('',*,*,#1266,.T.);
#1268=CARTESIAN_POINT('',(45.68605666,32.425,-1.920809634));
#1269=VERTEX_POINT('',#1268);
#1270=CARTESIAN_POINT('',(45.68605666,32.425,-2.820809634));
#1271=DIRECTION('',(-0.,1.,-0.));
#1272=DIRECTION('',(0.,0.,-1.));
#1273=AXIS2_PLACEMENT_3D('',#1270,#1271,#1272);
#1274=CIRCLE('',#1273,0.9);
#1275=EDGE_CURVE('',#1261,#1269,#1274,.T.);
#1276=ORIENTED_EDGE('',*,*,#1275,.T.);
#1277=CARTESIAN_POINT('',(52.82605666,32.425,-1.920809634));
#1278=VERTEX_POINT('',#1277);
#1279=CARTESIAN_POINT('',(45.68605666,32.425,-1.920809634));
#1280=DIRECTION('',(1.,-0.,-0.));
#1281=VECTOR('',#1280,7.14);
#1282=LINE('',#1279,#1281);
#1283=EDGE_CURVE('',#1269,#1278,#1282,.T.);
#1284=ORIENTED_EDGE('',*,*,#1283,.T.);
#1285=CARTESIAN_POINT('',(53.72605666,32.425,-2.820809634));
#1286=VERTEX_POINT('',#1285);
#1287=CARTESIAN_POINT('',(52.82605666,32.425,-2.820809634));
#1288=DIRECTION('',(0.,1.,0.));
#1289=DIRECTION('',(0.,-0.,1.));
#1290=AXIS2_PLACEMENT_3D('',#1287,#1288,#1289);
#1291=CIRCLE('',#1290,0.9);
#1292=EDGE_CURVE('',#1278,#1286,#1291,.T.);
#1293=ORIENTED_EDGE('',*,*,#1292,.T.);
#1294=CARTESIAN_POINT('',(53.72605666,32.425,-3.892809634));
#1295=VERTEX_POINT('',#1294);
#1296=CARTESIAN_POINT('',(53.72605666,32.425,-3.892809634));
#1297=DIRECTION('',(-0.,-0.,1.));
#1298=VECTOR('',#1297,1.072);
#1299=LINE('',#1296,#1298);
#1300=EDGE_CURVE('',#1295,#1286,#1299,.T.);
#1301=ORIENTED_EDGE('',*,*,#1300,.F.);
#1302=CARTESIAN_POINT('',(52.82605666,32.425,-3.892809634));
#1303=DIRECTION('',(-0.,1.,-0.));
#1304=DIRECTION('',(0.,0.,-1.));
#1305=AXIS2_PLACEMENT_3D('',#1302,#1303,#1304);
#1306=CIRCLE('',#1305,0.9);
#1307=EDGE_CURVE('',#1295,#1244,#1306,.T.);
#1308=ORIENTED_EDGE('',*,*,#1307,.T.);
#1309=EDGE_LOOP('',(#1250,#1259,#1267,#1276,#1284,#1293,#1301,#1308));
#1310=FACE_BOUND('',#1309,.T.);
#1311=ADVANCED_FACE('',(#1240,#1310),#1215,.F.);
#1312=OVER_RIDING_STYLED_ITEM('',(#959),#1311,#1016);
#1313=CARTESIAN_POINT('',(63.984682541,35.714682541,-7.17));
#1314=DIRECTION('',(0.,0.,-1.));
#1315=DIRECTION('',(0.,-1.,0.));
#1316=AXIS2_PLACEMENT_3D('',#1313,#1314,#1315);
#1317=PLANE('',#1316);
#1318=CARTESIAN_POINT('',(-54.2,-32.467893219,-7.17));
#1319=VERTEX_POINT('',#1318);
#1320=CARTESIAN_POINT('',(-58.167893219,-28.5,-7.17));
#1321=VERTEX_POINT('',#1320);
#1322=CARTESIAN_POINT('',(-54.2,-28.5,-7.17));
#1323=DIRECTION('',(0.,0.,-1.));
#1324=DIRECTION('',(-1.,0.,0.));
#1325=AXIS2_PLACEMENT_3D('',#1322,#1323,#1324);
#1326=CIRCLE('',#1325,3.967893219);
#1327=EDGE_CURVE('',#1319,#1321,#1326,.T.);
#1328=ORIENTED_EDGE('',*,*,#1327,.T.);
#1329=CARTESIAN_POINT('',(-58.167893219,28.5,-7.17));
#1330=VERTEX_POINT('',#1329);
#1331=CARTESIAN_POINT('',(-58.167893219,-28.5,-7.17));
#1332=DIRECTION('',(-0.,1.,-0.));
#1333=VECTOR('',#1332,57.);
#1334=LINE('',#1331,#1333);
#1335=EDGE_CURVE('',#1321,#1330,#1334,.T.);
#1336=ORIENTED_EDGE('',*,*,#1335,.T.);
#1337=CARTESIAN_POINT('',(-54.2,32.467893219,-7.17));
#1338=VERTEX_POINT('',#1337);
#1339=CARTESIAN_POINT('',(-54.2,28.5,-7.17));
#1340=DIRECTION('',(0.,0.,-1.));
#1341=DIRECTION('',(-1.,0.,0.));
#1342=AXIS2_PLACEMENT_3D('',#1339,#1340,#1341);
#1343=CIRCLE('',#1342,3.967893219);
#1344=EDGE_CURVE('',#1330,#1338,#1343,.T.);
#1345=ORIENTED_EDGE('',*,*,#1344,.T.);
#1346=CARTESIAN_POINT('',(54.2,32.467893219,-7.17));
#1347=VERTEX_POINT('',#1346);
#1348=CARTESIAN_POINT('',(-54.2,32.467893219,-7.17));
#1349=DIRECTION('',(1.,-0.,-0.));
#1350=VECTOR('',#1349,108.4);
#1351=LINE('',#1348,#1350);
#1352=EDGE_CURVE('',#1338,#1347,#1351,.T.);
#1353=ORIENTED_EDGE('',*,*,#1352,.T.);
#1354=CARTESIAN_POINT('',(58.167893219,28.5,-7.17));
#1355=VERTEX_POINT('',#1354);
#1356=CARTESIAN_POINT('',(54.2,28.5,-7.17));
#1357=DIRECTION('',(0.,0.,-1.));
#1358=DIRECTION('',(-1.,0.,0.));
#1359=AXIS2_PLACEMENT_3D('',#1356,#1357,#1358);
#1360=CIRCLE('',#1359,3.967893219);
#1361=EDGE_CURVE('',#1347,#1355,#1360,.T.);
#1362=ORIENTED_EDGE('',*,*,#1361,.T.);
#1363=CARTESIAN_POINT('',(58.167893219,-28.5,-7.17));
#1364=VERTEX_POINT('',#1363);
#1365=CARTESIAN_POINT('',(58.167893219,28.5,-7.17));
#1366=DIRECTION('',(0.,-1.,0.));
#1367=VECTOR('',#1366,57.);
#1368=LINE('',#1365,#1367);
#1369=EDGE_CURVE('',#1355,#1364,#1368,.T.);
#1370=ORIENTED_EDGE('',*,*,#1369,.T.);
#1371=CARTESIAN_POINT('',(54.2,-32.467893219,-7.17));
#1372=VERTEX_POINT('',#1371);
#1373=CARTESIAN_POINT('',(54.2,-28.5,-7.17));
#1374=DIRECTION('',(0.,0.,-1.));
#1375=DIRECTION('',(-1.,0.,0.));
#1376=AXIS2_PLACEMENT_3D('',#1373,#1374,#1375);
#1377=CIRCLE('',#1376,3.967893219);
#1378=EDGE_CURVE('',#1364,#1372,#1377,.T.);
#1379=ORIENTED_EDGE('',*,*,#1378,.T.);
#1380=CARTESIAN_POINT('',(54.2,-32.467893219,-7.17));
#1381=DIRECTION('',(-1.,0.,0.));
#1382=VECTOR('',#1381,108.4);
#1383=LINE('',#1380,#1382);
#1384=EDGE_CURVE('',#1372,#1319,#1383,.T.);
#1385=ORIENTED_EDGE('',*,*,#1384,.T.);
#1386=EDGE_LOOP('',(#1328,#1336,#1345,#1353,#1362,#1370,#1379,#1385));
#1387=FACE_BOUND('',#1386,.T.);
#1388=CARTESIAN_POINT('',(54.2,28.5,-7.17));
#1389=DIRECTION('',(-0.,-0.,-1.));
#1390=DIRECTION('',(1.,0.,-0.));
#1391=AXIS2_PLACEMENT_3D('',#1388,#1389,#1390);
#1392=CIRCLE('',#1391,3.925);
#1393=EDGE_CURVE('',#1218,#1025,#1392,.T.);
#1394=ORIENTED_EDGE('',*,*,#1393,.F.);
#1395=ORIENTED_EDGE('',*,*,#1223,.T.);
#1396=ORIENTED_EDGE('',*,*,#1190,.F.);
#1397=CARTESIAN_POINT('',(-58.125,-28.5,-7.17));
#1398=VERTEX_POINT('',#1397);
#1399=CARTESIAN_POINT('',(-58.125,28.5,-7.17));
#1400=DIRECTION('',(0.,-1.,0.));
#1401=VECTOR('',#1400,57.);
#1402=LINE('',#1399,#1401);
#1403=EDGE_CURVE('',#1174,#1398,#1402,.T.);
#1404=ORIENTED_EDGE('',*,*,#1403,.T.);
#1405=CARTESIAN_POINT('',(-54.2,-32.425,-7.17));
#1406=VERTEX_POINT('',#1405);
#1407=CARTESIAN_POINT('',(-54.2,-28.5,-7.17));
#1408=DIRECTION('',(-0.,-0.,-1.));
#1409=DIRECTION('',(1.,0.,-0.));
#1410=AXIS2_PLACEMENT_3D('',#1407,#1408,#1409);
#1411=CIRCLE('',#1410,3.925);
#1412=EDGE_CURVE('',#1406,#1398,#1411,.T.);
#1413=ORIENTED_EDGE('',*,*,#1412,.F.);
#1414=CARTESIAN_POINT('',(54.2,-32.425,-7.17));
#1415=VERTEX_POINT('',#1414);
#1416=CARTESIAN_POINT('',(-54.2,-32.425,-7.17));
#1417=DIRECTION('',(1.,-0.,-0.));
#1418=VECTOR('',#1417,108.4);
#1419=LINE('',#1416,#1418);
#1420=EDGE_CURVE('',#1406,#1415,#1419,.T.);
#1421=ORIENTED_EDGE('',*,*,#1420,.T.);
#1422=CARTESIAN_POINT('',(54.2,-28.5,-7.17));
#1423=DIRECTION('',(-0.,-0.,-1.));
#1424=DIRECTION('',(1.,0.,-0.));
#1425=AXIS2_PLACEMENT_3D('',#1422,#1423,#1424);
#1426=CIRCLE('',#1425,3.925);
#1427=EDGE_CURVE('',#1033,#1415,#1426,.T.);
#1428=ORIENTED_EDGE('',*,*,#1427,.F.);
#1429=ORIENTED_EDGE('',*,*,#1038,.F.);
#1430=EDGE_LOOP('',(#1394,#1395,#1396,#1404,#1413,#1421,#1428,#1429));
#1431=FACE_BOUND('',#1430,.T.);
#1432=ADVANCED_FACE('',(#1387,#1431),#1317,.T.);
#1433=CARTESIAN_POINT('',(-58.125,31.35,0.0325));
#1434=DIRECTION('',(-1.,0.,0.));
#1435=DIRECTION('',(0.,0.,-1.));
#1436=AXIS2_PLACEMENT_3D('',#1433,#1434,#1435);
#1437=PLANE('',#1436);
#1438=CARTESIAN_POINT('',(-58.125,-28.5,0.));
#1439=VERTEX_POINT('',#1438);
#1440=CARTESIAN_POINT('',(-58.125,-28.5,0.));
#1441=DIRECTION('',(0.,0.,-1.));
#1442=VECTOR('',#1441,7.17);
#1443=LINE('',#1440,#1442);
#1444=EDGE_CURVE('',#1439,#1398,#1443,.T.);
#1445=ORIENTED_EDGE('',*,*,#1444,.T.);
#1446=ORIENTED_EDGE('',*,*,#1403,.F.);
#1447=ORIENTED_EDGE('',*,*,#1181,.T.);
#1448=CARTESIAN_POINT('',(-58.125,-28.5,0.));
#1449=DIRECTION('',(0.,1.,0.));
#1450=VECTOR('',#1449,57.);
#1451=LINE('',#1448,#1450);
#1452=EDGE_CURVE('',#1439,#1176,#1451,.T.);
#1453=ORIENTED_EDGE('',*,*,#1452,.F.);
#1454=EDGE_LOOP('',(#1445,#1446,#1447,#1453));
#1455=FACE_BOUND('',#1454,.T.);
#1456=ADVANCED_FACE('',(#1455),#1437,.F.);
#1457=OVER_RIDING_STYLED_ITEM('',(#959),#1456,#1016);
#1458=CARTESIAN_POINT('',(59.62,-32.425,-5.0715));
#1459=DIRECTION('',(0.,-1.,0.));
#1460=DIRECTION('',(0.,0.,1.));
#1461=AXIS2_PLACEMENT_3D('',#1458,#1459,#1460);
#1462=PLANE('',#1461);
#1463=ORIENTED_EDGE('',*,*,#1420,.F.);
#1464=CARTESIAN_POINT('',(-54.2,-32.425,0.));
#1465=VERTEX_POINT('',#1464);
#1466=CARTESIAN_POINT('',(-54.2,-32.425,-7.17));
#1467=DIRECTION('',(0.,0.,1.));
#1468=VECTOR('',#1467,7.17);
#1469=LINE('',#1466,#1468);
#1470=EDGE_CURVE('',#1406,#1465,#1469,.T.);
#1471=ORIENTED_EDGE('',*,*,#1470,.T.);
#1472=CARTESIAN_POINT('',(54.2,-32.425,0.));
#1473=VERTEX_POINT('',#1472);
#1474=CARTESIAN_POINT('',(54.2,-32.425,0.));
#1475=DIRECTION('',(-1.,0.,0.));
#1476=VECTOR('',#1475,108.4);
#1477=LINE('',#1474,#1476);
#1478=EDGE_CURVE('',#1473,#1465,#1477,.T.);
#1479=ORIENTED_EDGE('',*,*,#1478,.F.);
#1480=CARTESIAN_POINT('',(54.2,-32.425,0.));
#1481=DIRECTION('',(-0.,-0.,-1.));
#1482=VECTOR('',#1481,7.17);
#1483=LINE('',#1480,#1482);
#1484=EDGE_CURVE('',#1473,#1415,#1483,.T.);
#1485=ORIENTED_EDGE('',*,*,#1484,.T.);
#1486=EDGE_LOOP('',(#1463,#1471,#1479,#1485));
#1487=FACE_BOUND('',#1486,.T.);
#1488=CARTESIAN_POINT('',(40.750359564,-32.425,-3.37997463));
#1489=VERTEX_POINT('',#1488);
#1490=CARTESIAN_POINT('',(51.688060382,-32.425,-3.37997463));
#1491=VERTEX_POINT('',#1490);
#1492=CARTESIAN_POINT('',(40.750359564,-32.425,-3.37997463));
#1493=DIRECTION('',(1.,-0.,-0.));
#1494=VECTOR('',#1493,10.937700818);
#1495=LINE('',#1492,#1494);
#1496=EDGE_CURVE('',#1489,#1491,#1495,.T.);
#1497=ORIENTED_EDGE('',*,*,#1496,.T.);
#1498=CARTESIAN_POINT('',(51.788060382,-32.425,-3.27997463));
#1499=VERTEX_POINT('',#1498);
#1500=CARTESIAN_POINT('',(51.688060382,-32.425,-3.27997463));
#1501=DIRECTION('',(-0.,-1.,-0.));
#1502=DIRECTION('',(0.,-0.,1.));
#1503=AXIS2_PLACEMENT_3D('',#1500,#1501,#1502);
#1504=CIRCLE('',#1503,0.1);
#1505=EDGE_CURVE('',#1491,#1499,#1504,.T.);
#1506=ORIENTED_EDGE('',*,*,#1505,.T.);
#1507=CARTESIAN_POINT('',(51.788060382,-32.425,-2.129974658));
#1508=VERTEX_POINT('',#1507);
#1509=CARTESIAN_POINT('',(51.788060382,-32.425,-3.27997463));
#1510=DIRECTION('',(0.,0.,1.));
#1511=VECTOR('',#1510,1.149999972);
#1512=LINE('',#1509,#1511);
#1513=EDGE_CURVE('',#1499,#1508,#1512,.T.);
#1514=ORIENTED_EDGE('',*,*,#1513,.T.);
#1515=CARTESIAN_POINT('',(51.688060382,-32.425,-2.029974658));
#1516=VERTEX_POINT('',#1515);
#1517=CARTESIAN_POINT('',(51.688060382,-32.425,-2.129974658));
#1518=DIRECTION('',(-0.,-1.,-0.));
#1519=DIRECTION('',(0.,-0.,1.));
#1520=AXIS2_PLACEMENT_3D('',#1517,#1518,#1519);
#1521=CIRCLE('',#1520,0.1);
#1522=EDGE_CURVE('',#1508,#1516,#1521,.T.);
#1523=ORIENTED_EDGE('',*,*,#1522,.T.);
#1524=CARTESIAN_POINT('',(40.750359564,-32.425,-2.029974658));
#1525=VERTEX_POINT('',#1524);
#1526=CARTESIAN_POINT('',(51.688060382,-32.425,-2.029974658));
#1527=DIRECTION('',(-1.,0.,0.));
#1528=VECTOR('',#1527,10.937700818);
#1529=LINE('',#1526,#1528);
#1530=EDGE_CURVE('',#1516,#1525,#1529,.T.);
#1531=ORIENTED_EDGE('',*,*,#1530,.T.);
#1532=CARTESIAN_POINT('',(40.650359564,-32.425,-2.129974658));
#1533=VERTEX_POINT('',#1532);
#1534=CARTESIAN_POINT('',(40.750359564,-32.425,-2.129974658));
#1535=DIRECTION('',(-0.,-1.,-0.));
#1536=DIRECTION('',(0.,-0.,1.));
#1537=AXIS2_PLACEMENT_3D('',#1534,#1535,#1536);
#1538=CIRCLE('',#1537,0.1);
#1539=EDGE_CURVE('',#1525,#1533,#1538,.T.);
#1540=ORIENTED_EDGE('',*,*,#1539,.T.);
#1541=CARTESIAN_POINT('',(40.650359564,-32.425,-3.27997463));
#1542=VERTEX_POINT('',#1541);
#1543=CARTESIAN_POINT('',(40.650359564,-32.425,-2.129974658));
#1544=DIRECTION('',(-0.,-0.,-1.));
#1545=VECTOR('',#1544,1.149999972);
#1546=LINE('',#1543,#1545);
#1547=EDGE_CURVE('',#1533,#1542,#1546,.T.);
#1548=ORIENTED_EDGE('',*,*,#1547,.T.);
#1549=CARTESIAN_POINT('',(40.750359564,-32.425,-3.27997463));
#1550=DIRECTION('',(-0.,-1.,-0.));
#1551=DIRECTION('',(0.,-0.,1.));
#1552=AXIS2_PLACEMENT_3D('',#1549,#1550,#1551);
#1553=CIRCLE('',#1552,0.1);
#1554=EDGE_CURVE('',#1542,#1489,#1553,.T.);
#1555=ORIENTED_EDGE('',*,*,#1554,.T.);
#1556=EDGE_LOOP('',(#1497,#1506,#1514,#1523,#1531,#1540,#1548,#1555));
#1557=FACE_BOUND('',#1556,.T.);
#1558=CARTESIAN_POINT('',(-2.57,-32.425,-2.49));
#1559=VERTEX_POINT('',#1558);
#1560=CARTESIAN_POINT('',(-11.735948824,-32.425,-2.49));
#1561=VERTEX_POINT('',#1560);
#1562=CARTESIAN_POINT('',(-2.57,-32.425,-2.49));
#1563=DIRECTION('',(-1.,0.,0.));
#1564=VECTOR('',#1563,9.165948824);
#1565=LINE('',#1562,#1564);
#1566=EDGE_CURVE('',#1559,#1561,#1565,.T.);
#1567=ORIENTED_EDGE('',*,*,#1566,.T.);
#1568=CARTESIAN_POINT('',(-11.735948824,-32.425,-4.63));
#1569=VERTEX_POINT('',#1568);
#1570=CARTESIAN_POINT('',(-11.735948824,-32.425,-3.56));
#1571=DIRECTION('',(-0.,-1.,-0.));
#1572=DIRECTION('',(0.,-0.,1.));
#1573=AXIS2_PLACEMENT_3D('',#1570,#1571,#1572);
#1574=CIRCLE('',#1573,1.07);
#1575=EDGE_CURVE('',#1561,#1569,#1574,.T.);
#1576=ORIENTED_EDGE('',*,*,#1575,.T.);
#1577=CARTESIAN_POINT('',(-2.57,-32.425,-4.63));
#1578=VERTEX_POINT('',#1577);
#1579=CARTESIAN_POINT('',(-11.735948824,-32.425,-4.63));
#1580=DIRECTION('',(1.,-0.,-0.));
#1581=VECTOR('',#1580,9.165948824);
#1582=LINE('',#1579,#1581);
#1583=EDGE_CURVE('',#1569,#1578,#1582,.T.);
#1584=ORIENTED_EDGE('',*,*,#1583,.T.);
#1585=CARTESIAN_POINT('',(-2.57,-32.425,-3.56));
#1586=DIRECTION('',(-0.,-1.,-0.));
#1587=DIRECTION('',(0.,-0.,1.));
#1588=AXIS2_PLACEMENT_3D('',#1585,#1586,#1587);
#1589=CIRCLE('',#1588,1.07);
#1590=EDGE_CURVE('',#1578,#1559,#1589,.T.);
#1591=ORIENTED_EDGE('',*,*,#1590,.T.);
#1592=EDGE_LOOP('',(#1567,#1576,#1584,#1591));
#1593=FACE_BOUND('',#1592,.T.);
#1594=ADVANCED_FACE('',(#1487,#1557,#1593),#1462,.F.);
#1595=OVER_RIDING_STYLED_ITEM('',(#959),#1594,#1016);
#1596=CARTESIAN_POINT('',(54.2,28.5,-5.0715));
#1597=DIRECTION('',(0.,-0.,1.));
#1598=DIRECTION('',(0.,1.,0.));
#1599=AXIS2_PLACEMENT_3D('',#1596,#1597,#1598);
#1600=CYLINDRICAL_SURFACE('',#1599,3.925);
#1601=ORIENTED_EDGE('',*,*,#1231,.F.);
#1602=ORIENTED_EDGE('',*,*,#1393,.T.);
#1603=ORIENTED_EDGE('',*,*,#1030,.F.);
#1604=CARTESIAN_POINT('',(54.2,28.5,0.));
#1605=DIRECTION('',(-0.,-0.,-1.));
#1606=DIRECTION('',(1.,0.,-0.));
#1607=AXIS2_PLACEMENT_3D('',#1604,#1605,#1606);
#1608=CIRCLE('',#1607,3.925);
#1609=EDGE_CURVE('',#1226,#1023,#1608,.T.);
#1610=ORIENTED_EDGE('',*,*,#1609,.F.);
#1611=EDGE_LOOP('',(#1601,#1602,#1603,#1610));
#1612=FACE_BOUND('',#1611,.T.);
#1613=ADVANCED_FACE('',(#1612),#1600,.F.);
#1614=OVER_RIDING_STYLED_ITEM('',(#959),#1613,#1016);
#1615=CARTESIAN_POINT('',(-54.2,-28.5,-0.6825));
#1616=DIRECTION('',(0.,-0.,1.));
#1617=DIRECTION('',(0.,1.,0.));
#1618=AXIS2_PLACEMENT_3D('',#1615,#1616,#1617);
#1619=CYLINDRICAL_SURFACE('',#1618,3.925);
#1620=ORIENTED_EDGE('',*,*,#1470,.F.);
#1621=ORIENTED_EDGE('',*,*,#1412,.T.);
#1622=ORIENTED_EDGE('',*,*,#1444,.F.);
#1623=CARTESIAN_POINT('',(-54.2,-28.5,0.));
#1624=DIRECTION('',(-0.,-0.,-1.));
#1625=DIRECTION('',(1.,0.,-0.));
#1626=AXIS2_PLACEMENT_3D('',#1623,#1624,#1625);
#1627=CIRCLE('',#1626,3.925);
#1628=EDGE_CURVE('',#1465,#1439,#1627,.T.);
#1629=ORIENTED_EDGE('',*,*,#1628,.F.);
#1630=EDGE_LOOP('',(#1620,#1621,#1622,#1629));
#1631=FACE_BOUND('',#1630,.T.);
#1632=ADVANCED_FACE('',(#1631),#1619,.F.);
#1633=OVER_RIDING_STYLED_ITEM('',(#959),#1632,#1016);
#1634=CARTESIAN_POINT('',(54.2,-28.5,-5.0715));
#1635=DIRECTION('',(0.,-0.,1.));
#1636=DIRECTION('',(0.,1.,0.));
#1637=AXIS2_PLACEMENT_3D('',#1634,#1635,#1636);
#1638=CYLINDRICAL_SURFACE('',#1637,3.925);
#1639=ORIENTED_EDGE('',*,*,#1427,.T.);
#1640=ORIENTED_EDGE('',*,*,#1484,.F.);
#1641=CARTESIAN_POINT('',(54.2,-28.5,0.));
#1642=DIRECTION('',(-0.,-0.,-1.));
#1643=DIRECTION('',(1.,0.,-0.));
#1644=AXIS2_PLACEMENT_3D('',#1641,#1642,#1643);
#1645=CIRCLE('',#1644,3.925);
#1646=EDGE_CURVE('',#1041,#1473,#1645,.T.);
#1647=ORIENTED_EDGE('',*,*,#1646,.F.);
#1648=ORIENTED_EDGE('',*,*,#1046,.F.);
#1649=EDGE_LOOP('',(#1639,#1640,#1647,#1648));
#1650=FACE_BOUND('',#1649,.T.);
#1651=ADVANCED_FACE('',(#1650),#1638,.F.);
#1652=OVER_RIDING_STYLED_ITEM('',(#959),#1651,#1016);
#1653=CARTESIAN_POINT('',(-58.725,-31.35,-0.201817459));
#1654=DIRECTION('',(-1.,0.,0.));
#1655=DIRECTION('',(0.,1.,0.));
#1656=AXIS2_PLACEMENT_3D('',#1653,#1654,#1655);
#1657=PLANE('',#1656);
#1658=CARTESIAN_POINT('',(-58.725,-28.5,-6.612893219));
#1659=VERTEX_POINT('',#1658);
#1660=CARTESIAN_POINT('',(-58.725,-28.5,-0.507106781));
#1661=VERTEX_POINT('',#1660);
#1662=CARTESIAN_POINT('',(-58.725,-28.5,-6.612893219));
#1663=DIRECTION('',(-0.,-0.,1.));
#1664=VECTOR('',#1663,6.105786438);
#1665=LINE('',#1662,#1664);
#1666=EDGE_CURVE('',#1659,#1661,#1665,.T.);
#1667=ORIENTED_EDGE('',*,*,#1666,.T.);
#1668=CARTESIAN_POINT('',(-58.725,28.5,-0.507106781));
#1669=VERTEX_POINT('',#1668);
#1670=CARTESIAN_POINT('',(-58.725,-28.5,-0.507106781));
#1671=DIRECTION('',(0.,1.,0.));
#1672=VECTOR('',#1671,57.);
#1673=LINE('',#1670,#1672);
#1674=EDGE_CURVE('',#1661,#1669,#1673,.T.);
#1675=ORIENTED_EDGE('',*,*,#1674,.T.);
#1676=CARTESIAN_POINT('',(-58.725,28.5,-6.612893219));
#1677=VERTEX_POINT('',#1676);
#1678=CARTESIAN_POINT('',(-58.725,28.5,-0.507106781));
#1679=DIRECTION('',(0.,0.,-1.));
#1680=VECTOR('',#1679,6.105786438);
#1681=LINE('',#1678,#1680);
#1682=EDGE_CURVE('',#1669,#1677,#1681,.T.);
#1683=ORIENTED_EDGE('',*,*,#1682,.T.);
#1684=CARTESIAN_POINT('',(-58.725,28.5,-6.612893219));
#1685=DIRECTION('',(-0.,-1.,-0.));
#1686=VECTOR('',#1685,57.);
#1687=LINE('',#1684,#1686);
#1688=EDGE_CURVE('',#1677,#1659,#1687,.T.);
#1689=ORIENTED_EDGE('',*,*,#1688,.T.);
#1690=EDGE_LOOP('',(#1667,#1675,#1683,#1689));
#1691=FACE_BOUND('',#1690,.T.);
#1692=ADVANCED_FACE('',(#1691),#1657,.T.);
#1693=CARTESIAN_POINT('',(59.62,-33.025,-6.918182541));
#1694=DIRECTION('',(0.,-1.,0.));
#1695=DIRECTION('',(0.,0.,1.));
#1696=AXIS2_PLACEMENT_3D('',#1693,#1694,#1695);
#1697=PLANE('',#1696);
#1698=CARTESIAN_POINT('',(51.688060382,-33.025,-2.029974658));
#1699=VERTEX_POINT('',#1698);
#1700=CARTESIAN_POINT('',(40.750359564,-33.025,-2.029974658));
#1701=VERTEX_POINT('',#1700);
#1702=CARTESIAN_POINT('',(51.688060382,-33.025,-2.029974658));
#1703=DIRECTION('',(-1.,0.,0.));
#1704=VECTOR('',#1703,10.937700818);
#1705=LINE('',#1702,#1704);
#1706=EDGE_CURVE('',#1699,#1701,#1705,.T.);
#1707=ORIENTED_EDGE('',*,*,#1706,.F.);
#1708=CARTESIAN_POINT('',(51.788060382,-33.025,-2.129974658));
#1709=VERTEX_POINT('',#1708);
#1710=CARTESIAN_POINT('',(51.688060382,-33.025,-2.129974658));
#1711=DIRECTION('',(0.,1.,0.));
#1712=DIRECTION('',(0.,-0.,1.));
#1713=AXIS2_PLACEMENT_3D('',#1710,#1711,#1712);
#1714=CIRCLE('',#1713,0.1);
#1715=EDGE_CURVE('',#1699,#1709,#1714,.T.);
#1716=ORIENTED_EDGE('',*,*,#1715,.T.);
#1717=CARTESIAN_POINT('',(51.788060382,-33.025,-3.27997463));
#1718=VERTEX_POINT('',#1717);
#1719=CARTESIAN_POINT('',(51.788060382,-33.025,-3.27997463));
#1720=DIRECTION('',(0.,0.,1.));
#1721=VECTOR('',#1720,1.149999972);
#1722=LINE('',#1719,#1721);
#1723=EDGE_CURVE('',#1718,#1709,#1722,.T.);
#1724=ORIENTED_EDGE('',*,*,#1723,.F.);
#1725=CARTESIAN_POINT('',(51.688060382,-33.025,-3.37997463));
#1726=VERTEX_POINT('',#1725);
#1727=CARTESIAN_POINT('',(51.688060382,-33.025,-3.27997463));
#1728=DIRECTION('',(0.,1.,0.));
#1729=DIRECTION('',(0.,-0.,1.));
#1730=AXIS2_PLACEMENT_3D('',#1727,#1728,#1729);
#1731=CIRCLE('',#1730,0.1);
#1732=EDGE_CURVE('',#1718,#1726,#1731,.T.);
#1733=ORIENTED_EDGE('',*,*,#1732,.T.);
#1734=CARTESIAN_POINT('',(40.750359564,-33.025,-3.37997463));
#1735=VERTEX_POINT('',#1734);
#1736=CARTESIAN_POINT('',(40.750359564,-33.025,-3.37997463));
#1737=DIRECTION('',(1.,-0.,-0.));
#1738=VECTOR('',#1737,10.937700818);
#1739=LINE('',#1736,#1738);
#1740=EDGE_CURVE('',#1735,#1726,#1739,.T.);
#1741=ORIENTED_EDGE('',*,*,#1740,.F.);
#1742=CARTESIAN_POINT('',(40.650359564,-33.025,-3.27997463));
#1743=VERTEX_POINT('',#1742);
#1744=CARTESIAN_POINT('',(40.750359564,-33.025,-3.27997463));
#1745=DIRECTION('',(0.,1.,0.));
#1746=DIRECTION('',(0.,-0.,1.));
#1747=AXIS2_PLACEMENT_3D('',#1744,#1745,#1746);
#1748=CIRCLE('',#1747,0.1);
#1749=EDGE_CURVE('',#1735,#1743,#1748,.T.);
#1750=ORIENTED_EDGE('',*,*,#1749,.T.);
#1751=CARTESIAN_POINT('',(40.650359564,-33.025,-2.129974658));
#1752=VERTEX_POINT('',#1751);
#1753=CARTESIAN_POINT('',(40.650359564,-33.025,-2.129974658));
#1754=DIRECTION('',(-0.,-0.,-1.));
#1755=VECTOR('',#1754,1.149999972);
#1756=LINE('',#1753,#1755);
#1757=EDGE_CURVE('',#1752,#1743,#1756,.T.);
#1758=ORIENTED_EDGE('',*,*,#1757,.F.);
#1759=CARTESIAN_POINT('',(40.750359564,-33.025,-2.129974658));
#1760=DIRECTION('',(0.,1.,0.));
#1761=DIRECTION('',(0.,-0.,1.));
#1762=AXIS2_PLACEMENT_3D('',#1759,#1760,#1761);
#1763=CIRCLE('',#1762,0.1);
#1764=EDGE_CURVE('',#1752,#1701,#1763,.T.);
#1765=ORIENTED_EDGE('',*,*,#1764,.T.);
#1766=EDGE_LOOP('',(#1707,#1716,#1724,#1733,#1741,#1750,#1758,#1765));
#1767=FACE_BOUND('',#1766,.T.);
#1768=CARTESIAN_POINT('',(54.2,-33.025,-6.612893219));
#1769=VERTEX_POINT('',#1768);
#1770=CARTESIAN_POINT('',(54.2,-33.025,-0.507106781));
#1771=VERTEX_POINT('',#1770);
#1772=CARTESIAN_POINT('',(54.2,-33.025,-6.612893219));
#1773=DIRECTION('',(0.,0.,1.));
#1774=VECTOR('',#1773,6.105786438);
#1775=LINE('',#1772,#1774);
#1776=EDGE_CURVE('',#1769,#1771,#1775,.T.);
#1777=ORIENTED_EDGE('',*,*,#1776,.T.);
#1778=CARTESIAN_POINT('',(-54.2,-33.025,-0.507106781));
#1779=VERTEX_POINT('',#1778);
#1780=CARTESIAN_POINT('',(54.2,-33.025,-0.507106781));
#1781=DIRECTION('',(-1.,0.,0.));
#1782=VECTOR('',#1781,108.4);
#1783=LINE('',#1780,#1782);
#1784=EDGE_CURVE('',#1771,#1779,#1783,.T.);
#1785=ORIENTED_EDGE('',*,*,#1784,.T.);
#1786=CARTESIAN_POINT('',(-54.2,-33.025,-6.612893219));
#1787=VERTEX_POINT('',#1786);
#1788=CARTESIAN_POINT('',(-54.2,-33.025,-0.507106781));
#1789=DIRECTION('',(-0.,-0.,-1.));
#1790=VECTOR('',#1789,6.105786438);
#1791=LINE('',#1788,#1790);
#1792=EDGE_CURVE('',#1779,#1787,#1791,.T.);
#1793=ORIENTED_EDGE('',*,*,#1792,.T.);
#1794=CARTESIAN_POINT('',(-54.2,-33.025,-6.612893219));
#1795=DIRECTION('',(1.,-0.,-0.));
#1796=VECTOR('',#1795,108.4);
#1797=LINE('',#1794,#1796);
#1798=EDGE_CURVE('',#1787,#1769,#1797,.T.);
#1799=ORIENTED_EDGE('',*,*,#1798,.T.);
#1800=EDGE_LOOP('',(#1777,#1785,#1793,#1799));
#1801=FACE_BOUND('',#1800,.T.);
#1802=CARTESIAN_POINT('',(-2.57,-33.025,-2.49));
#1803=VERTEX_POINT('',#1802);
#1804=CARTESIAN_POINT('',(-2.57,-33.025,-4.63));
#1805=VERTEX_POINT('',#1804);
#1806=CARTESIAN_POINT('',(-2.57,-33.025,-3.56));
#1807=DIRECTION('',(0.,1.,0.));
#1808=DIRECTION('',(0.,-0.,1.));
#1809=AXIS2_PLACEMENT_3D('',#1806,#1807,#1808);
#1810=CIRCLE('',#1809,1.07);
#1811=EDGE_CURVE('',#1803,#1805,#1810,.T.);
#1812=ORIENTED_EDGE('',*,*,#1811,.T.);
#1813=CARTESIAN_POINT('',(-11.735948824,-33.025,-4.63));
#1814=VERTEX_POINT('',#1813);
#1815=CARTESIAN_POINT('',(-11.735948824,-33.025,-4.63));
#1816=DIRECTION('',(1.,-0.,-0.));
#1817=VECTOR('',#1816,9.165948824);
#1818=LINE('',#1815,#1817);
#1819=EDGE_CURVE('',#1814,#1805,#1818,.T.);
#1820=ORIENTED_EDGE('',*,*,#1819,.F.);
#1821=CARTESIAN_POINT('',(-11.735948824,-33.025,-2.49));
#1822=VERTEX_POINT('',#1821);
#1823=CARTESIAN_POINT('',(-11.735948824,-33.025,-3.56));
#1824=DIRECTION('',(0.,1.,0.));
#1825=DIRECTION('',(0.,-0.,1.));
#1826=AXIS2_PLACEMENT_3D('',#1823,#1824,#1825);
#1827=CIRCLE('',#1826,1.07);
#1828=EDGE_CURVE('',#1814,#1822,#1827,.T.);
#1829=ORIENTED_EDGE('',*,*,#1828,.T.);
#1830=CARTESIAN_POINT('',(-2.57,-33.025,-2.49));
#1831=DIRECTION('',(-1.,0.,0.));
#1832=VECTOR('',#1831,9.165948824);
#1833=LINE('',#1830,#1832);
#1834=EDGE_CURVE('',#1803,#1822,#1833,.T.);
#1835=ORIENTED_EDGE('',*,*,#1834,.F.);
#1836=EDGE_LOOP('',(#1812,#1820,#1829,#1835));
#1837=FACE_BOUND('',#1836,.T.);
#1838=ADVANCED_FACE('',(#1767,#1801,#1837),#1697,.T.);
#1839=CARTESIAN_POINT('',(58.725,31.35,-6.918182541));
#1840=DIRECTION('',(1.,0.,0.));
#1841=DIRECTION('',(0.,0.,1.));
#1842=AXIS2_PLACEMENT_3D('',#1839,#1840,#1841);
#1843=PLANE('',#1842);
#1844=CARTESIAN_POINT('',(58.725,28.5,-6.612893219));
#1845=VERTEX_POINT('',#1844);
#1846=CARTESIAN_POINT('',(58.725,28.5,-0.507106781));
#1847=VERTEX_POINT('',#1846);
#1848=CARTESIAN_POINT('',(58.725,28.5,-6.612893219));
#1849=DIRECTION('',(0.,0.,1.));
#1850=VECTOR('',#1849,6.105786438);
#1851=LINE('',#1848,#1850);
#1852=EDGE_CURVE('',#1845,#1847,#1851,.T.);
#1853=ORIENTED_EDGE('',*,*,#1852,.T.);
#1854=CARTESIAN_POINT('',(58.725,-28.5,-0.507106781));
#1855=VERTEX_POINT('',#1854);
#1856=CARTESIAN_POINT('',(58.725,28.5,-0.507106781));
#1857=DIRECTION('',(0.,-1.,0.));
#1858=VECTOR('',#1857,57.);
#1859=LINE('',#1856,#1858);
#1860=EDGE_CURVE('',#1847,#1855,#1859,.T.);
#1861=ORIENTED_EDGE('',*,*,#1860,.T.);
#1862=CARTESIAN_POINT('',(58.725,-28.5,-6.612893219));
#1863=VERTEX_POINT('',#1862);
#1864=CARTESIAN_POINT('',(58.725,-28.5,-0.507106781));
#1865=DIRECTION('',(-0.,-0.,-1.));
#1866=VECTOR('',#1865,6.105786438);
#1867=LINE('',#1864,#1866);
#1868=EDGE_CURVE('',#1855,#1863,#1867,.T.);
#1869=ORIENTED_EDGE('',*,*,#1868,.T.);
#1870=CARTESIAN_POINT('',(58.725,-28.5,-6.612893219));
#1871=DIRECTION('',(-0.,1.,-0.));
#1872=VECTOR('',#1871,57.);
#1873=LINE('',#1870,#1872);
#1874=EDGE_CURVE('',#1863,#1845,#1873,.T.);
#1875=ORIENTED_EDGE('',*,*,#1874,.T.);
#1876=EDGE_LOOP('',(#1853,#1861,#1869,#1875));
#1877=FACE_BOUND('',#1876,.T.);
#1878=ADVANCED_FACE('',(#1877),#1843,.T.);
#1879=CARTESIAN_POINT('',(64.039682541,-35.769682541,0.));
#1880=DIRECTION('',(0.,0.,1.));
#1881=DIRECTION('',(0.,1.,0.));
#1882=AXIS2_PLACEMENT_3D('',#1879,#1880,#1881);
#1883=PLANE('',#1882);
#1884=CARTESIAN_POINT('',(58.217893219,-28.5,0.));
#1885=VERTEX_POINT('',#1884);
#1886=CARTESIAN_POINT('',(58.217893219,28.5,0.));
#1887=VERTEX_POINT('',#1886);
#1888=CARTESIAN_POINT('',(58.217893219,-28.5,0.));
#1889=DIRECTION('',(0.,1.,0.));
#1890=VECTOR('',#1889,57.);
#1891=LINE('',#1888,#1890);
#1892=EDGE_CURVE('',#1885,#1887,#1891,.T.);
#1893=ORIENTED_EDGE('',*,*,#1892,.T.);
#1894=CARTESIAN_POINT('',(54.2,32.517893219,0.));
#1895=VERTEX_POINT('',#1894);
#1896=CARTESIAN_POINT('',(54.2,28.5,0.));
#1897=DIRECTION('',(0.,0.,1.));
#1898=DIRECTION('',(1.,0.,-0.));
#1899=AXIS2_PLACEMENT_3D('',#1896,#1897,#1898);
#1900=CIRCLE('',#1899,4.017893219);
#1901=EDGE_CURVE('',#1887,#1895,#1900,.T.);
#1902=ORIENTED_EDGE('',*,*,#1901,.T.);
#1903=CARTESIAN_POINT('',(-54.2,32.517893219,0.));
#1904=VERTEX_POINT('',#1903);
#1905=CARTESIAN_POINT('',(54.2,32.517893219,0.));
#1906=DIRECTION('',(-1.,0.,0.));
#1907=VECTOR('',#1906,108.4);
#1908=LINE('',#1905,#1907);
#1909=EDGE_CURVE('',#1895,#1904,#1908,.T.);
#1910=ORIENTED_EDGE('',*,*,#1909,.T.);
#1911=CARTESIAN_POINT('',(-58.217893219,28.5,0.));
#1912=VERTEX_POINT('',#1911);
#1913=CARTESIAN_POINT('',(-54.2,28.5,0.));
#1914=DIRECTION('',(0.,0.,1.));
#1915=DIRECTION('',(1.,0.,-0.));
#1916=AXIS2_PLACEMENT_3D('',#1913,#1914,#1915);
#1917=CIRCLE('',#1916,4.017893219);
#1918=EDGE_CURVE('',#1904,#1912,#1917,.T.);
#1919=ORIENTED_EDGE('',*,*,#1918,.T.);
#1920=CARTESIAN_POINT('',(-58.217893219,-28.5,0.));
#1921=VERTEX_POINT('',#1920);
#1922=CARTESIAN_POINT('',(-58.217893219,28.5,0.));
#1923=DIRECTION('',(-0.,-1.,-0.));
#1924=VECTOR('',#1923,57.);
#1925=LINE('',#1922,#1924);
#1926=EDGE_CURVE('',#1912,#1921,#1925,.T.);
#1927=ORIENTED_EDGE('',*,*,#1926,.T.);
#1928=CARTESIAN_POINT('',(-54.2,-32.517893219,0.));
#1929=VERTEX_POINT('',#1928);
#1930=CARTESIAN_POINT('',(-54.2,-28.5,0.));
#1931=DIRECTION('',(0.,0.,1.));
#1932=DIRECTION('',(1.,0.,-0.));
#1933=AXIS2_PLACEMENT_3D('',#1930,#1931,#1932);
#1934=CIRCLE('',#1933,4.017893219);
#1935=EDGE_CURVE('',#1921,#1929,#1934,.T.);
#1936=ORIENTED_EDGE('',*,*,#1935,.T.);
#1937=CARTESIAN_POINT('',(54.2,-32.517893219,0.));
#1938=VERTEX_POINT('',#1937);
#1939=CARTESIAN_POINT('',(-54.2,-32.517893219,0.));
#1940=DIRECTION('',(1.,-0.,-0.));
#1941=VECTOR('',#1940,108.4);
#1942=LINE('',#1939,#1941);
#1943=EDGE_CURVE('',#1929,#1938,#1942,.T.);
#1944=ORIENTED_EDGE('',*,*,#1943,.T.);
#1945=CARTESIAN_POINT('',(54.2,-28.5,0.));
#1946=DIRECTION('',(0.,0.,1.));
#1947=DIRECTION('',(1.,0.,-0.));
#1948=AXIS2_PLACEMENT_3D('',#1945,#1946,#1947);
#1949=CIRCLE('',#1948,4.017893219);
#1950=EDGE_CURVE('',#1938,#1885,#1949,.T.);
#1951=ORIENTED_EDGE('',*,*,#1950,.T.);
#1952=EDGE_LOOP('',(#1893,#1902,#1910,#1919,#1927,#1936,#1944,#1951));
#1953=FACE_BOUND('',#1952,.T.);
#1954=ORIENTED_EDGE('',*,*,#1478,.T.);
#1955=ORIENTED_EDGE('',*,*,#1628,.T.);
#1956=ORIENTED_EDGE('',*,*,#1452,.T.);
#1957=ORIENTED_EDGE('',*,*,#1205,.T.);
#1958=ORIENTED_EDGE('',*,*,#1237,.T.);
#1959=ORIENTED_EDGE('',*,*,#1609,.T.);
#1960=ORIENTED_EDGE('',*,*,#1052,.T.);
#1961=ORIENTED_EDGE('',*,*,#1646,.T.);
#1962=EDGE_LOOP('',(#1954,#1955,#1956,#1957,#1958,#1959,#1960,#1961));
#1963=FACE_BOUND('',#1962,.T.);
#1964=ADVANCED_FACE('',(#1953,#1963),#1883,.T.);
#1965=CARTESIAN_POINT('',(-54.2,-28.5,-0.13));
#1966=DIRECTION('',(0.,0.,-1.));
#1967=DIRECTION('',(0.,-1.,0.));
#1968=AXIS2_PLACEMENT_3D('',#1965,#1966,#1967);
#1969=CYLINDRICAL_SURFACE('',#1968,4.525);
#1970=ORIENTED_EDGE('',*,*,#1792,.F.);
#1971=CARTESIAN_POINT('',(-54.2,-28.5,-0.507106781));
#1972=DIRECTION('',(0.,0.,-1.));
#1973=DIRECTION('',(-1.,0.,0.));
#1974=AXIS2_PLACEMENT_3D('',#1971,#1972,#1973);
#1975=CIRCLE('',#1974,4.525);
#1976=EDGE_CURVE('',#1779,#1661,#1975,.T.);
#1977=ORIENTED_EDGE('',*,*,#1976,.T.);
#1978=ORIENTED_EDGE('',*,*,#1666,.F.);
#1979=CARTESIAN_POINT('',(-54.2,-28.5,-6.612893219));
#1980=DIRECTION('',(-0.,-0.,1.));
#1981=DIRECTION('',(-1.,0.,0.));
#1982=AXIS2_PLACEMENT_3D('',#1979,#1980,#1981);
#1983=CIRCLE('',#1982,4.525);
#1984=EDGE_CURVE('',#1659,#1787,#1983,.T.);
#1985=ORIENTED_EDGE('',*,*,#1984,.T.);
#1986=EDGE_LOOP('',(#1970,#1977,#1978,#1985));
#1987=FACE_BOUND('',#1986,.T.);
#1988=ADVANCED_FACE('',(#1987),#1969,.T.);
#1989=CARTESIAN_POINT('',(54.2,28.5,-0.13));
#1990=DIRECTION('',(0.,0.,-1.));
#1991=DIRECTION('',(0.,-1.,0.));
#1992=AXIS2_PLACEMENT_3D('',#1989,#1990,#1991);
#1993=CYLINDRICAL_SURFACE('',#1992,4.525);
#1994=ORIENTED_EDGE('',*,*,#1157,.F.);
#1995=CARTESIAN_POINT('',(54.2,28.5,-0.507106781));
#1996=DIRECTION('',(0.,0.,-1.));
#1997=DIRECTION('',(-1.,0.,0.));
#1998=AXIS2_PLACEMENT_3D('',#1995,#1996,#1997);
#1999=CIRCLE('',#1998,4.525);
#2000=EDGE_CURVE('',#1144,#1847,#1999,.T.);
#2001=ORIENTED_EDGE('',*,*,#2000,.T.);
#2002=ORIENTED_EDGE('',*,*,#1852,.F.);
#2003=CARTESIAN_POINT('',(54.2,28.5,-6.612893219));
#2004=DIRECTION('',(-0.,-0.,1.));
#2005=DIRECTION('',(-1.,0.,0.));
#2006=AXIS2_PLACEMENT_3D('',#2003,#2004,#2005);
#2007=CIRCLE('',#2006,4.525);
#2008=EDGE_CURVE('',#1845,#1152,#2007,.T.);
#2009=ORIENTED_EDGE('',*,*,#2008,.T.);
#2010=EDGE_LOOP('',(#1994,#2001,#2002,#2009));
#2011=FACE_BOUND('',#2010,.T.);
#2012=ADVANCED_FACE('',(#2011),#1993,.T.);
#2013=CARTESIAN_POINT('',(54.2,-28.5,-0.13));
#2014=DIRECTION('',(0.,0.,-1.));
#2015=DIRECTION('',(0.,-1.,0.));
#2016=AXIS2_PLACEMENT_3D('',#2013,#2014,#2015);
#2017=CYLINDRICAL_SURFACE('',#2016,4.525);
#2018=ORIENTED_EDGE('',*,*,#1868,.F.);
#2019=CARTESIAN_POINT('',(54.2,-28.5,-0.507106781));
#2020=DIRECTION('',(0.,0.,-1.));
#2021=DIRECTION('',(-1.,0.,0.));
#2022=AXIS2_PLACEMENT_3D('',#2019,#2020,#2021);
#2023=CIRCLE('',#2022,4.525);
#2024=EDGE_CURVE('',#1855,#1771,#2023,.T.);
#2025=ORIENTED_EDGE('',*,*,#2024,.T.);
#2026=ORIENTED_EDGE('',*,*,#1776,.F.);
#2027=CARTESIAN_POINT('',(54.2,-28.5,-6.612893219));
#2028=DIRECTION('',(-0.,-0.,1.));
#2029=DIRECTION('',(-1.,0.,0.));
#2030=AXIS2_PLACEMENT_3D('',#2027,#2028,#2029);
#2031=CIRCLE('',#2030,4.525);
#2032=EDGE_CURVE('',#1769,#1863,#2031,.T.);
#2033=ORIENTED_EDGE('',*,*,#2032,.T.);
#2034=EDGE_LOOP('',(#2018,#2025,#2026,#2033));
#2035=FACE_BOUND('',#2034,.T.);
#2036=ADVANCED_FACE('',(#2035),#2017,.T.);
#2037=CARTESIAN_POINT('',(-54.2,28.5,-0.13));
#2038=DIRECTION('',(0.,0.,-1.));
#2039=DIRECTION('',(0.,-1.,0.));
#2040=AXIS2_PLACEMENT_3D('',#2037,#2038,#2039);
#2041=CYLINDRICAL_SURFACE('',#2040,4.525);
#2042=ORIENTED_EDGE('',*,*,#1682,.F.);
#2043=CARTESIAN_POINT('',(-54.2,28.5,-0.507106781));
#2044=DIRECTION('',(0.,0.,-1.));
#2045=DIRECTION('',(-1.,0.,0.));
#2046=AXIS2_PLACEMENT_3D('',#2043,#2044,#2045);
#2047=CIRCLE('',#2046,4.525);
#2048=EDGE_CURVE('',#1669,#1136,#2047,.T.);
#2049=ORIENTED_EDGE('',*,*,#2048,.T.);
#2050=ORIENTED_EDGE('',*,*,#1141,.F.);
#2051=CARTESIAN_POINT('',(-54.2,28.5,-6.612893219));
#2052=DIRECTION('',(-0.,-0.,1.));
#2053=DIRECTION('',(-1.,0.,0.));
#2054=AXIS2_PLACEMENT_3D('',#2051,#2052,#2053);
#2055=CIRCLE('',#2054,4.525);
#2056=EDGE_CURVE('',#1134,#1677,#2055,.T.);
#2057=ORIENTED_EDGE('',*,*,#2056,.T.);
#2058=EDGE_LOOP('',(#2042,#2049,#2050,#2057));
#2059=FACE_BOUND('',#2058,.T.);
#2060=ADVANCED_FACE('',(#2059),#2041,.T.);
#2061=CARTESIAN_POINT('',(53.17805666,32.4,-4.792809634));
#2062=DIRECTION('',(0.,0.,1.));
#2063=DIRECTION('',(0.,1.,0.));
#2064=AXIS2_PLACEMENT_3D('',#2061,#2062,#2063);
#2065=PLANE('',#2064);
#2066=CARTESIAN_POINT('',(52.82605666,32.895,-4.792809634));
#2067=VERTEX_POINT('',#2066);
#2068=CARTESIAN_POINT('',(52.82605666,32.425,-4.792809634));
#2069=DIRECTION('',(0.,1.,0.));
#2070=VECTOR('',#2069,0.47);
#2071=LINE('',#2068,#2070);
#2072=EDGE_CURVE('',#1244,#2067,#2071,.T.);
#2073=ORIENTED_EDGE('',*,*,#2072,.T.);
#2074=CARTESIAN_POINT('',(45.68605666,32.895,-4.792809634));
#2075=VERTEX_POINT('',#2074);
#2076=CARTESIAN_POINT('',(52.82605666,32.895,-4.792809634));
#2077=DIRECTION('',(-1.,0.,0.));
#2078=VECTOR('',#2077,7.14);
#2079=LINE('',#2076,#2078);
#2080=EDGE_CURVE('',#2067,#2075,#2079,.T.);
#2081=ORIENTED_EDGE('',*,*,#2080,.T.);
#2082=CARTESIAN_POINT('',(45.68605666,32.895,-4.792809634));
#2083=DIRECTION('',(-0.,-1.,-0.));
#2084=VECTOR('',#2083,0.47);
#2085=LINE('',#2082,#2084);
#2086=EDGE_CURVE('',#2075,#1242,#2085,.T.);
#2087=ORIENTED_EDGE('',*,*,#2086,.T.);
#2088=ORIENTED_EDGE('',*,*,#1249,.T.);
#2089=EDGE_LOOP('',(#2073,#2081,#2087,#2088));
#2090=FACE_BOUND('',#2089,.T.);
#2091=ADVANCED_FACE('',(#2090),#2065,.T.);
#2092=CARTESIAN_POINT('',(44.78605666,32.95,-2.767209634));
#2093=DIRECTION('',(-1.,0.,0.));
#2094=DIRECTION('',(0.,0.,-1.));
#2095=AXIS2_PLACEMENT_3D('',#2092,#2093,#2094);
#2096=PLANE('',#2095);
#2097=CARTESIAN_POINT('',(44.78605666,32.895,-3.892809634));
#2098=VERTEX_POINT('',#2097);
#2099=CARTESIAN_POINT('',(44.78605666,32.425,-3.892809634));
#2100=DIRECTION('',(-0.,1.,-0.));
#2101=VECTOR('',#2100,0.47);
#2102=LINE('',#2099,#2101);
#2103=EDGE_CURVE('',#1252,#2098,#2102,.T.);
#2104=ORIENTED_EDGE('',*,*,#2103,.T.);
#2105=CARTESIAN_POINT('',(44.78605666,32.895,-2.820809634));
#2106=VERTEX_POINT('',#2105);
#2107=CARTESIAN_POINT('',(44.78605666,32.895,-3.892809634));
#2108=DIRECTION('',(-0.,-0.,1.));
#2109=VECTOR('',#2108,1.072);
#2110=LINE('',#2107,#2109);
#2111=EDGE_CURVE('',#2098,#2106,#2110,.T.);
#2112=ORIENTED_EDGE('',*,*,#2111,.T.);
#2113=CARTESIAN_POINT('',(44.78605666,32.895,-2.820809634));
#2114=DIRECTION('',(0.,-1.,0.));
#2115=VECTOR('',#2114,0.47);
#2116=LINE('',#2113,#2115);
#2117=EDGE_CURVE('',#2106,#1261,#2116,.T.);
#2118=ORIENTED_EDGE('',*,*,#2117,.T.);
#2119=ORIENTED_EDGE('',*,*,#1266,.F.);
#2120=EDGE_LOOP('',(#2104,#2112,#2118,#2119));
#2121=FACE_BOUND('',#2120,.T.);
#2122=ADVANCED_FACE('',(#2121),#2096,.F.);
#2123=CARTESIAN_POINT('',(53.17805666,32.4,-1.920809634));
#2124=DIRECTION('',(0.,0.,1.));
#2125=DIRECTION('',(0.,1.,0.));
#2126=AXIS2_PLACEMENT_3D('',#2123,#2124,#2125);
#2127=PLANE('',#2126);
#2128=CARTESIAN_POINT('',(45.68605666,32.895,-1.920809634));
#2129=VERTEX_POINT('',#2128);
#2130=CARTESIAN_POINT('',(45.68605666,32.425,-1.920809634));
#2131=DIRECTION('',(0.,1.,0.));
#2132=VECTOR('',#2131,0.47);
#2133=LINE('',#2130,#2132);
#2134=EDGE_CURVE('',#1269,#2129,#2133,.T.);
#2135=ORIENTED_EDGE('',*,*,#2134,.T.);
#2136=CARTESIAN_POINT('',(52.82605666,32.895,-1.920809634));
#2137=VERTEX_POINT('',#2136);
#2138=CARTESIAN_POINT('',(45.68605666,32.895,-1.920809634));
#2139=DIRECTION('',(1.,-0.,-0.));
#2140=VECTOR('',#2139,7.14);
#2141=LINE('',#2138,#2140);
#2142=EDGE_CURVE('',#2129,#2137,#2141,.T.);
#2143=ORIENTED_EDGE('',*,*,#2142,.T.);
#2144=CARTESIAN_POINT('',(52.82605666,32.895,-1.920809634));
#2145=DIRECTION('',(-0.,-1.,-0.));
#2146=VECTOR('',#2145,0.47);
#2147=LINE('',#2144,#2146);
#2148=EDGE_CURVE('',#2137,#1278,#2147,.T.);
#2149=ORIENTED_EDGE('',*,*,#2148,.T.);
#2150=ORIENTED_EDGE('',*,*,#1283,.F.);
#2151=EDGE_LOOP('',(#2135,#2143,#2149,#2150));
#2152=FACE_BOUND('',#2151,.T.);
#2153=ADVANCED_FACE('',(#2152),#2127,.F.);
#2154=CARTESIAN_POINT('',(53.72605666,32.95,-2.767209634));
#2155=DIRECTION('',(-1.,0.,0.));
#2156=DIRECTION('',(0.,0.,-1.));
#2157=AXIS2_PLACEMENT_3D('',#2154,#2155,#2156);
#2158=PLANE('',#2157);
#2159=CARTESIAN_POINT('',(53.72605666,32.895,-2.820809634));
#2160=VERTEX_POINT('',#2159);
#2161=CARTESIAN_POINT('',(53.72605666,32.425,-2.820809634));
#2162=DIRECTION('',(-0.,1.,-0.));
#2163=VECTOR('',#2162,0.47);
#2164=LINE('',#2161,#2163);
#2165=EDGE_CURVE('',#1286,#2160,#2164,.T.);
#2166=ORIENTED_EDGE('',*,*,#2165,.T.);
#2167=CARTESIAN_POINT('',(53.72605666,32.895,-3.892809634));
#2168=VERTEX_POINT('',#2167);
#2169=CARTESIAN_POINT('',(53.72605666,32.895,-2.820809634));
#2170=DIRECTION('',(0.,0.,-1.));
#2171=VECTOR('',#2170,1.072);
#2172=LINE('',#2169,#2171);
#2173=EDGE_CURVE('',#2160,#2168,#2172,.T.);
#2174=ORIENTED_EDGE('',*,*,#2173,.T.);
#2175=CARTESIAN_POINT('',(53.72605666,32.895,-3.892809634));
#2176=DIRECTION('',(0.,-1.,0.));
#2177=VECTOR('',#2176,0.47);
#2178=LINE('',#2175,#2177);
#2179=EDGE_CURVE('',#2168,#1295,#2178,.T.);
#2180=ORIENTED_EDGE('',*,*,#2179,.T.);
#2181=ORIENTED_EDGE('',*,*,#1300,.T.);
#2182=EDGE_LOOP('',(#2166,#2174,#2180,#2181));
#2183=FACE_BOUND('',#2182,.T.);
#2184=ADVANCED_FACE('',(#2183),#2158,.T.);
#2185=CARTESIAN_POINT('',(45.68605666,30.625,-3.892809634));
#2186=DIRECTION('',(0.,1.,0.));
#2187=DIRECTION('',(0.,0.,-1.));
#2188=AXIS2_PLACEMENT_3D('',#2185,#2186,#2187);
#2189=CYLINDRICAL_SURFACE('',#2188,0.9);
#2190=ORIENTED_EDGE('',*,*,#2086,.F.);
#2191=CARTESIAN_POINT('',(45.68605666,32.895,-3.892809634));
#2192=DIRECTION('',(0.,1.,0.));
#2193=DIRECTION('',(0.,-0.,1.));
#2194=AXIS2_PLACEMENT_3D('',#2191,#2192,#2193);
#2195=CIRCLE('',#2194,0.9);
#2196=EDGE_CURVE('',#2075,#2098,#2195,.T.);
#2197=ORIENTED_EDGE('',*,*,#2196,.T.);
#2198=ORIENTED_EDGE('',*,*,#2103,.F.);
#2199=ORIENTED_EDGE('',*,*,#1258,.F.);
#2200=EDGE_LOOP('',(#2190,#2197,#2198,#2199));
#2201=FACE_BOUND('',#2200,.T.);
#2202=ADVANCED_FACE('',(#2201),#2189,.F.);
#2203=CARTESIAN_POINT('',(52.82605666,32.95,-3.892809634));
#2204=DIRECTION('',(0.,-1.,0.));
#2205=DIRECTION('',(0.,0.,1.));
#2206=AXIS2_PLACEMENT_3D('',#2203,#2204,#2205);
#2207=CYLINDRICAL_SURFACE('',#2206,0.9);
#2208=ORIENTED_EDGE('',*,*,#2179,.F.);
#2209=CARTESIAN_POINT('',(52.82605666,32.895,-3.892809634));
#2210=DIRECTION('',(-0.,1.,-0.));
#2211=DIRECTION('',(0.,0.,-1.));
#2212=AXIS2_PLACEMENT_3D('',#2209,#2210,#2211);
#2213=CIRCLE('',#2212,0.9);
#2214=EDGE_CURVE('',#2168,#2067,#2213,.T.);
#2215=ORIENTED_EDGE('',*,*,#2214,.T.);
#2216=ORIENTED_EDGE('',*,*,#2072,.F.);
#2217=ORIENTED_EDGE('',*,*,#1307,.F.);
#2218=EDGE_LOOP('',(#2208,#2215,#2216,#2217));
#2219=FACE_BOUND('',#2218,.T.);
#2220=ADVANCED_FACE('',(#2219),#2207,.F.);
#2221=CARTESIAN_POINT('',(52.82605666,30.625,-2.820809634));
#2222=DIRECTION('',(0.,1.,0.));
#2223=DIRECTION('',(0.,0.,-1.));
#2224=AXIS2_PLACEMENT_3D('',#2221,#2222,#2223);
#2225=CYLINDRICAL_SURFACE('',#2224,0.9);
#2226=ORIENTED_EDGE('',*,*,#2148,.F.);
#2227=CARTESIAN_POINT('',(52.82605666,32.895,-2.820809634));
#2228=DIRECTION('',(0.,1.,0.));
#2229=DIRECTION('',(0.,-0.,1.));
#2230=AXIS2_PLACEMENT_3D('',#2227,#2228,#2229);
#2231=CIRCLE('',#2230,0.9);
#2232=EDGE_CURVE('',#2137,#2160,#2231,.T.);
#2233=ORIENTED_EDGE('',*,*,#2232,.T.);
#2234=ORIENTED_EDGE('',*,*,#2165,.F.);
#2235=ORIENTED_EDGE('',*,*,#1292,.F.);
#2236=EDGE_LOOP('',(#2226,#2233,#2234,#2235));
#2237=FACE_BOUND('',#2236,.T.);
#2238=ADVANCED_FACE('',(#2237),#2225,.F.);
#2239=CARTESIAN_POINT('',(45.68605666,32.95,-2.820809634));
#2240=DIRECTION('',(0.,-1.,0.));
#2241=DIRECTION('',(0.,0.,1.));
#2242=AXIS2_PLACEMENT_3D('',#2239,#2240,#2241);
#2243=CYLINDRICAL_SURFACE('',#2242,0.9);
#2244=ORIENTED_EDGE('',*,*,#2117,.F.);
#2245=CARTESIAN_POINT('',(45.68605666,32.895,-2.820809634));
#2246=DIRECTION('',(-0.,1.,-0.));
#2247=DIRECTION('',(0.,0.,-1.));
#2248=AXIS2_PLACEMENT_3D('',#2245,#2246,#2247);
#2249=CIRCLE('',#2248,0.9);
#2250=EDGE_CURVE('',#2106,#2129,#2249,.T.);
#2251=ORIENTED_EDGE('',*,*,#2250,.T.);
#2252=ORIENTED_EDGE('',*,*,#2134,.F.);
#2253=ORIENTED_EDGE('',*,*,#1275,.F.);
#2254=EDGE_LOOP('',(#2244,#2251,#2252,#2253));
#2255=FACE_BOUND('',#2254,.T.);
#2256=ADVANCED_FACE('',(#2255),#2243,.F.);
#2257=CARTESIAN_POINT('',(54.2,28.5,-7.02640873));
#2258=DIRECTION('',(0.,-0.,1.));
#2259=DIRECTION('',(0.,1.,0.));
#2260=AXIS2_PLACEMENT_3D('',#2257,#2258,#2259);
#2261=CONICAL_SURFACE('',#2260,4.31859127,44.999999796);
#2262=CARTESIAN_POINT('',(54.2,32.878553391,-6.966446609));
#2263=VERTEX_POINT('',#2262);
#2264=CARTESIAN_POINT('',(54.2,32.821446609,-7.023553391));
#2265=VERTEX_POINT('',#2264);
#2266=CARTESIAN_POINT('',(54.2,32.878553391,-6.966446609));
#2267=DIRECTION('',(-0.,-0.707106781,-0.707106781));
#2268=VECTOR('',#2267,0.080761185);
#2269=LINE('',#2266,#2268);
#2270=EDGE_CURVE('',#2263,#2265,#2269,.T.);
#2271=ORIENTED_EDGE('',*,*,#2270,.F.);
#2272=CARTESIAN_POINT('',(58.578553391,28.5,-6.966446609));
#2273=VERTEX_POINT('',#2272);
#2274=CARTESIAN_POINT('',(54.2,28.5,-6.966446609));
#2275=DIRECTION('',(-0.,-0.,-1.));
#2276=DIRECTION('',(1.,0.,-0.));
#2277=AXIS2_PLACEMENT_3D('',#2274,#2275,#2276);
#2278=CIRCLE('',#2277,4.378553391);
#2279=EDGE_CURVE('',#2263,#2273,#2278,.T.);
#2280=ORIENTED_EDGE('',*,*,#2279,.T.);
#2281=CARTESIAN_POINT('',(58.52144661,28.5,-7.02355339));
#2282=VERTEX_POINT('',#2281);
#2283=CARTESIAN_POINT('',(58.52144661,28.5,-7.02355339));
#2284=DIRECTION('',(0.707106781,0.,0.707106781));
#2285=VECTOR('',#2284,0.080761184);
#2286=LINE('',#2283,#2285);
#2287=EDGE_CURVE('',#2282,#2273,#2286,.T.);
#2288=ORIENTED_EDGE('',*,*,#2287,.F.);
#2289=CARTESIAN_POINT('',(54.2,28.5,-7.023553391));
#2290=DIRECTION('',(0.,0.,1.));
#2291=DIRECTION('',(1.,0.,-0.));
#2292=AXIS2_PLACEMENT_3D('',#2289,#2290,#2291);
#2293=CIRCLE('',#2292,4.321446609);
#2294=EDGE_CURVE('',#2282,#2265,#2293,.T.);
#2295=ORIENTED_EDGE('',*,*,#2294,.T.);
#2296=EDGE_LOOP('',(#2271,#2280,#2288,#2295));
#2297=FACE_BOUND('',#2296,.T.);
#2298=ADVANCED_FACE('',(#2297),#2261,.T.);
#2299=CARTESIAN_POINT('',(58.375,32.3,-7.17));
#2300=DIRECTION('',(-0.707106781,0.,0.707106781));
#2301=DIRECTION('',(0.,-1.,0.));
#2302=AXIS2_PLACEMENT_3D('',#2299,#2300,#2301);
#2303=PLANE('',#2302);
#2304=ORIENTED_EDGE('',*,*,#2287,.T.);
#2305=CARTESIAN_POINT('',(58.578553391,-28.5,-6.966446609));
#2306=VERTEX_POINT('',#2305);
#2307=CARTESIAN_POINT('',(58.578553391,28.5,-6.966446609));
#2308=DIRECTION('',(0.,-1.,0.));
#2309=VECTOR('',#2308,57.);
#2310=LINE('',#2307,#2309);
#2311=EDGE_CURVE('',#2273,#2306,#2310,.T.);
#2312=ORIENTED_EDGE('',*,*,#2311,.T.);
#2313=CARTESIAN_POINT('',(58.52144661,-28.5,-7.02355339));
#2314=VERTEX_POINT('',#2313);
#2315=CARTESIAN_POINT('',(58.52144661,-28.5,-7.02355339));
#2316=DIRECTION('',(0.707106779,0.,0.707106784));
#2317=VECTOR('',#2316,0.080761184);
#2318=LINE('',#2315,#2317);
#2319=EDGE_CURVE('',#2314,#2306,#2318,.T.);
#2320=ORIENTED_EDGE('',*,*,#2319,.F.);
#2321=CARTESIAN_POINT('',(58.52144661,-28.5,-7.02355339));
#2322=DIRECTION('',(-0.,1.,-0.));
#2323=VECTOR('',#2322,57.);
#2324=LINE('',#2321,#2323);
#2325=EDGE_CURVE('',#2314,#2282,#2324,.T.);
#2326=ORIENTED_EDGE('',*,*,#2325,.T.);
#2327=EDGE_LOOP('',(#2304,#2312,#2320,#2326));
#2328=FACE_BOUND('',#2327,.T.);
#2329=ADVANCED_FACE('',(#2328),#2303,.F.);
#2330=CARTESIAN_POINT('',(-58.,32.675,-7.17));
#2331=DIRECTION('',(0.,-0.707106781,0.707106781));
#2332=DIRECTION('',(1.,0.,0.));
#2333=AXIS2_PLACEMENT_3D('',#2330,#2331,#2332);
#2334=PLANE('',#2333);
#2335=CARTESIAN_POINT('',(-54.2,32.878553391,-6.966446609));
#2336=VERTEX_POINT('',#2335);
#2337=CARTESIAN_POINT('',(-54.2,32.821446609,-7.023553391));
#2338=VERTEX_POINT('',#2337);
#2339=CARTESIAN_POINT('',(-54.2,32.878553391,-6.966446609));
#2340=CARTESIAN_POINT('',(-54.2,32.859517797,-6.985482203));
#2341=CARTESIAN_POINT('',(-54.2,32.840482203,-7.004517797));
#2342=CARTESIAN_POINT('',(-54.2,32.821446609,-7.023553391));
#2343=B_SPLINE_CURVE_WITH_KNOTS('',3,(#2339,#2340,#2341,#2342),.UNSPECIFIED.,.F.,.F.,(4,4),(0.,0.080761186),.UNSPECIFIED.);
#2344=EDGE_CURVE('',#2336,#2338,#2343,.T.);
#2345=ORIENTED_EDGE('',*,*,#2344,.F.);
#2346=CARTESIAN_POINT('',(-54.2,32.878553391,-6.966446609));
#2347=DIRECTION('',(1.,0.,-0.));
#2348=VECTOR('',#2347,108.4);
#2349=LINE('',#2346,#2348);
#2350=EDGE_CURVE('',#2336,#2263,#2349,.T.);
#2351=ORIENTED_EDGE('',*,*,#2350,.T.);
#2352=ORIENTED_EDGE('',*,*,#2270,.T.);
#2353=CARTESIAN_POINT('',(54.2,32.821446609,-7.023553391));
#2354=DIRECTION('',(-1.,-0.,0.));
#2355=VECTOR('',#2354,108.4);
#2356=LINE('',#2353,#2355);
#2357=EDGE_CURVE('',#2265,#2338,#2356,.T.);
#2358=ORIENTED_EDGE('',*,*,#2357,.T.);
#2359=EDGE_LOOP('',(#2345,#2351,#2352,#2358));
#2360=FACE_BOUND('',#2359,.T.);
#2361=ADVANCED_FACE('',(#2360),#2334,.F.);
#2362=CARTESIAN_POINT('',(54.2,-28.5,-7.02640873));
#2363=DIRECTION('',(0.,-0.,1.));
#2364=DIRECTION('',(0.,1.,0.));
#2365=AXIS2_PLACEMENT_3D('',#2362,#2363,#2364);
#2366=CONICAL_SURFACE('',#2365,4.31859127,44.999999796);
#2367=ORIENTED_EDGE('',*,*,#2319,.T.);
#2368=CARTESIAN_POINT('',(54.2,-32.878553391,-6.966446609));
#2369=VERTEX_POINT('',#2368);
#2370=CARTESIAN_POINT('',(54.2,-28.5,-6.966446609));
#2371=DIRECTION('',(-0.,-0.,-1.));
#2372=DIRECTION('',(1.,0.,-0.));
#2373=AXIS2_PLACEMENT_3D('',#2370,#2371,#2372);
#2374=CIRCLE('',#2373,4.378553391);
#2375=EDGE_CURVE('',#2306,#2369,#2374,.T.);
#2376=ORIENTED_EDGE('',*,*,#2375,.T.);
#2377=CARTESIAN_POINT('',(54.2,-32.82144661,-7.02355339));
#2378=VERTEX_POINT('',#2377);
#2379=CARTESIAN_POINT('',(54.2,-32.82144661,-7.02355339));
#2380=DIRECTION('',(0.,-0.707106781,0.707106781));
#2381=VECTOR('',#2380,0.080761184);
#2382=LINE('',#2379,#2381);
#2383=EDGE_CURVE('',#2378,#2369,#2382,.T.);
#2384=ORIENTED_EDGE('',*,*,#2383,.F.);
#2385=CARTESIAN_POINT('',(54.2,-28.5,-7.02355339));
#2386=DIRECTION('',(0.,0.,1.));
#2387=DIRECTION('',(1.,0.,-0.));
#2388=AXIS2_PLACEMENT_3D('',#2385,#2386,#2387);
#2389=CIRCLE('',#2388,4.321446609);
#2390=EDGE_CURVE('',#2378,#2314,#2389,.T.);
#2391=ORIENTED_EDGE('',*,*,#2390,.T.);
#2392=EDGE_LOOP('',(#2367,#2376,#2384,#2391));
#2393=FACE_BOUND('',#2392,.T.);
#2394=ADVANCED_FACE('',(#2393),#2366,.T.);
#2395=CARTESIAN_POINT('',(-54.2,28.5,-7.02640873));
#2396=DIRECTION('',(0.,-0.,1.));
#2397=DIRECTION('',(0.,1.,0.));
#2398=AXIS2_PLACEMENT_3D('',#2395,#2396,#2397);
#2399=CONICAL_SURFACE('',#2398,4.31859127,44.999999796);
#2400=CARTESIAN_POINT('',(-58.578553391,28.5,-6.966446609));
#2401=VERTEX_POINT('',#2400);
#2402=CARTESIAN_POINT('',(-58.521446609,28.5,-7.023553391));
#2403=VERTEX_POINT('',#2402);
#2404=CARTESIAN_POINT('',(-58.578553391,28.5,-6.966446609));
#2405=DIRECTION('',(0.707106781,-0.,-0.707106781));
#2406=VECTOR('',#2405,0.080761185);
#2407=LINE('',#2404,#2406);
#2408=EDGE_CURVE('',#2401,#2403,#2407,.T.);
#2409=ORIENTED_EDGE('',*,*,#2408,.F.);
#2410=CARTESIAN_POINT('',(-54.2,28.5,-6.966446609));
#2411=DIRECTION('',(-0.,-0.,-1.));
#2412=DIRECTION('',(1.,0.,-0.));
#2413=AXIS2_PLACEMENT_3D('',#2410,#2411,#2412);
#2414=CIRCLE('',#2413,4.378553391);
#2415=EDGE_CURVE('',#2401,#2336,#2414,.T.);
#2416=ORIENTED_EDGE('',*,*,#2415,.T.);
#2417=ORIENTED_EDGE('',*,*,#2344,.T.);
#2418=CARTESIAN_POINT('',(-54.2,28.5,-7.023553391));
#2419=DIRECTION('',(0.,0.,1.));
#2420=DIRECTION('',(1.,0.,-0.));
#2421=AXIS2_PLACEMENT_3D('',#2418,#2419,#2420);
#2422=CIRCLE('',#2421,4.321446609);
#2423=EDGE_CURVE('',#2338,#2403,#2422,.T.);
#2424=ORIENTED_EDGE('',*,*,#2423,.T.);
#2425=EDGE_LOOP('',(#2409,#2416,#2417,#2424));
#2426=FACE_BOUND('',#2425,.T.);
#2427=ADVANCED_FACE('',(#2426),#2399,.T.);
#2428=CARTESIAN_POINT('',(59.62,-32.81859127,-7.02640873));
#2429=DIRECTION('',(0.,0.707106781,0.707106781));
#2430=DIRECTION('',(-1.,0.,0.));
#2431=AXIS2_PLACEMENT_3D('',#2428,#2429,#2430);
#2432=PLANE('',#2431);
#2433=ORIENTED_EDGE('',*,*,#2383,.T.);
#2434=CARTESIAN_POINT('',(-54.2,-32.878553391,-6.966446609));
#2435=VERTEX_POINT('',#2434);
#2436=CARTESIAN_POINT('',(54.2,-32.878553391,-6.966446609));
#2437=DIRECTION('',(-1.,0.,0.));
#2438=VECTOR('',#2437,108.4);
#2439=LINE('',#2436,#2438);
#2440=EDGE_CURVE('',#2369,#2435,#2439,.T.);
#2441=ORIENTED_EDGE('',*,*,#2440,.T.);
#2442=CARTESIAN_POINT('',(-54.2,-32.82144661,-7.02355339));
#2443=VERTEX_POINT('',#2442);
#2444=CARTESIAN_POINT('',(-54.2,-32.82144661,-7.02355339));
#2445=DIRECTION('',(0.,-0.707106779,0.707106784));
#2446=VECTOR('',#2445,0.080761185);
#2447=LINE('',#2444,#2446);
#2448=EDGE_CURVE('',#2443,#2435,#2447,.T.);
#2449=ORIENTED_EDGE('',*,*,#2448,.F.);
#2450=CARTESIAN_POINT('',(-54.2,-32.82144661,-7.02355339));
#2451=DIRECTION('',(1.,-0.,-0.));
#2452=VECTOR('',#2451,108.4);
#2453=LINE('',#2450,#2452);
#2454=EDGE_CURVE('',#2443,#2378,#2453,.T.);
#2455=ORIENTED_EDGE('',*,*,#2454,.T.);
#2456=EDGE_LOOP('',(#2433,#2441,#2449,#2455));
#2457=FACE_BOUND('',#2456,.T.);
#2458=ADVANCED_FACE('',(#2457),#2432,.F.);
#2459=CARTESIAN_POINT('',(-58.51859127,-31.35,-7.02640873));
#2460=DIRECTION('',(0.707106781,0.,0.707106781));
#2461=DIRECTION('',(0.,1.,0.));
#2462=AXIS2_PLACEMENT_3D('',#2459,#2460,#2461);
#2463=PLANE('',#2462);
#2464=CARTESIAN_POINT('',(-58.578553391,-28.5,-6.966446609));
#2465=VERTEX_POINT('',#2464);
#2466=CARTESIAN_POINT('',(-58.521446609,-28.5,-7.023553391));
#2467=VERTEX_POINT('',#2466);
#2468=CARTESIAN_POINT('',(-58.578553391,-28.5,-6.966446609));
#2469=CARTESIAN_POINT('',(-58.559517797,-28.5,-6.985482203));
#2470=CARTESIAN_POINT('',(-58.540482203,-28.5,-7.004517797));
#2471=CARTESIAN_POINT('',(-58.521446609,-28.5,-7.023553391));
#2472=B_SPLINE_CURVE_WITH_KNOTS('',3,(#2468,#2469,#2470,#2471),.UNSPECIFIED.,.F.,.F.,(4,4),(0.,0.080761186),.UNSPECIFIED.);
#2473=EDGE_CURVE('',#2465,#2467,#2472,.T.);
#2474=ORIENTED_EDGE('',*,*,#2473,.F.);
#2475=CARTESIAN_POINT('',(-58.578553391,-28.5,-6.966446609));
#2476=DIRECTION('',(0.,1.,0.));
#2477=VECTOR('',#2476,57.);
#2478=LINE('',#2475,#2477);
#2479=EDGE_CURVE('',#2465,#2401,#2478,.T.);
#2480=ORIENTED_EDGE('',*,*,#2479,.T.);
#2481=ORIENTED_EDGE('',*,*,#2408,.T.);
#2482=CARTESIAN_POINT('',(-58.521446609,28.5,-7.023553391));
#2483=DIRECTION('',(-0.,-1.,-0.));
#2484=VECTOR('',#2483,57.);
#2485=LINE('',#2482,#2484);
#2486=EDGE_CURVE('',#2403,#2467,#2485,.T.);
#2487=ORIENTED_EDGE('',*,*,#2486,.T.);
#2488=EDGE_LOOP('',(#2474,#2480,#2481,#2487));
#2489=FACE_BOUND('',#2488,.T.);
#2490=ADVANCED_FACE('',(#2489),#2463,.F.);
#2491=CARTESIAN_POINT('',(-54.2,-28.5,-7.02640873));
#2492=DIRECTION('',(0.,-0.,1.));
#2493=DIRECTION('',(0.,1.,0.));
#2494=AXIS2_PLACEMENT_3D('',#2491,#2492,#2493);
#2495=CONICAL_SURFACE('',#2494,4.31859127,44.999999796);
#2496=ORIENTED_EDGE('',*,*,#2448,.T.);
#2497=CARTESIAN_POINT('',(-54.2,-28.5,-6.966446609));
#2498=DIRECTION('',(-0.,-0.,-1.));
#2499=DIRECTION('',(1.,0.,-0.));
#2500=AXIS2_PLACEMENT_3D('',#2497,#2498,#2499);
#2501=CIRCLE('',#2500,4.378553391);
#2502=EDGE_CURVE('',#2435,#2465,#2501,.T.);
#2503=ORIENTED_EDGE('',*,*,#2502,.T.);
#2504=ORIENTED_EDGE('',*,*,#2473,.T.);
#2505=CARTESIAN_POINT('',(-54.2,-28.5,-7.023553391));
#2506=DIRECTION('',(0.,0.,1.));
#2507=DIRECTION('',(1.,0.,-0.));
#2508=AXIS2_PLACEMENT_3D('',#2505,#2506,#2507);
#2509=CIRCLE('',#2508,4.321446609);
#2510=EDGE_CURVE('',#2467,#2443,#2509,.T.);
#2511=ORIENTED_EDGE('',*,*,#2510,.T.);
#2512=EDGE_LOOP('',(#2496,#2503,#2504,#2511));
#2513=FACE_BOUND('',#2512,.T.);
#2514=ADVANCED_FACE('',(#2513),#2495,.T.);
#2515=CARTESIAN_POINT('',(58.167893219,-31.35,-6.67));
#2516=DIRECTION('',(0.,1.,0.));
#2517=DIRECTION('',(0.,0.,-1.));
#2518=AXIS2_PLACEMENT_3D('',#2515,#2516,#2517);
#2519=CYLINDRICAL_SURFACE('',#2518,0.5);
#2520=CARTESIAN_POINT('',(58.167893219,28.5,-6.67));
#2521=DIRECTION('',(-0.,1.,0.));
#2522=DIRECTION('',(-1.,-0.,0.));
#2523=AXIS2_PLACEMENT_3D('',#2520,#2521,#2522);
#2524=CIRCLE('',#2523,0.5);
#2525=EDGE_CURVE('',#2282,#1355,#2524,.T.);
#2526=ORIENTED_EDGE('',*,*,#2525,.F.);
#2527=ORIENTED_EDGE('',*,*,#2325,.F.);
#2528=CARTESIAN_POINT('',(58.167893219,-28.5,-6.67));
#2529=DIRECTION('',(0.,-1.,-0.));
#2530=DIRECTION('',(-1.,-0.,0.));
#2531=AXIS2_PLACEMENT_3D('',#2528,#2529,#2530);
#2532=CIRCLE('',#2531,0.5);
#2533=EDGE_CURVE('',#1364,#2314,#2532,.T.);
#2534=ORIENTED_EDGE('',*,*,#2533,.F.);
#2535=ORIENTED_EDGE('',*,*,#1369,.F.);
#2536=EDGE_LOOP('',(#2526,#2527,#2534,#2535));
#2537=FACE_BOUND('',#2536,.T.);
#2538=ADVANCED_FACE('',(#2537),#2519,.T.);
#2539=CARTESIAN_POINT('',(54.2,-28.5,-6.67));
#2540=DIRECTION('',(0.,0.,-1.));
#2541=DIRECTION('',(0.,-1.,0.));
#2542=AXIS2_PLACEMENT_3D('',#2539,#2540,#2541);
#2543=TOROIDAL_SURFACE('',#2542,3.967893219,0.5);
#2544=ORIENTED_EDGE('',*,*,#2533,.T.);
#2545=ORIENTED_EDGE('',*,*,#2390,.F.);
#2546=CARTESIAN_POINT('',(54.2,-32.467893219,-6.67));
#2547=DIRECTION('',(-1.,-0.,-0.));
#2548=DIRECTION('',(0.,0.,-1.));
#2549=AXIS2_PLACEMENT_3D('',#2546,#2547,#2548);
#2550=CIRCLE('',#2549,0.5);
#2551=EDGE_CURVE('',#1372,#2378,#2550,.T.);
#2552=ORIENTED_EDGE('',*,*,#2551,.F.);
#2553=ORIENTED_EDGE('',*,*,#1378,.F.);
#2554=EDGE_LOOP('',(#2544,#2545,#2552,#2553));
#2555=FACE_BOUND('',#2554,.T.);
#2556=ADVANCED_FACE('',(#2555),#2543,.T.);
#2557=CARTESIAN_POINT('',(54.2,28.5,-6.67));
#2558=DIRECTION('',(0.,0.,-1.));
#2559=DIRECTION('',(0.,-1.,0.));
#2560=AXIS2_PLACEMENT_3D('',#2557,#2558,#2559);
#2561=TOROIDAL_SURFACE('',#2560,3.967893219,0.5);
#2562=ORIENTED_EDGE('',*,*,#2525,.T.);
#2563=ORIENTED_EDGE('',*,*,#1361,.F.);
#2564=CARTESIAN_POINT('',(54.2,32.467893219,-6.67));
#2565=DIRECTION('',(-1.,0.,0.));
#2566=DIRECTION('',(0.,0.,1.));
#2567=AXIS2_PLACEMENT_3D('',#2564,#2565,#2566);
#2568=CIRCLE('',#2567,0.5);
#2569=EDGE_CURVE('',#2265,#1347,#2568,.T.);
#2570=ORIENTED_EDGE('',*,*,#2569,.F.);
#2571=ORIENTED_EDGE('',*,*,#2294,.F.);
#2572=EDGE_LOOP('',(#2562,#2563,#2570,#2571));
#2573=FACE_BOUND('',#2572,.T.);
#2574=ADVANCED_FACE('',(#2573),#2561,.T.);
#2575=CARTESIAN_POINT('',(-58.,-32.467893219,-6.67));
#2576=DIRECTION('',(1.,0.,-0.));
#2577=DIRECTION('',(0.,0.,1.));
#2578=AXIS2_PLACEMENT_3D('',#2575,#2576,#2577);
#2579=CYLINDRICAL_SURFACE('',#2578,0.5);
#2580=ORIENTED_EDGE('',*,*,#2551,.T.);
#2581=ORIENTED_EDGE('',*,*,#2454,.F.);
#2582=CARTESIAN_POINT('',(-54.2,-32.467893219,-6.67));
#2583=DIRECTION('',(-1.,-0.,-0.));
#2584=DIRECTION('',(0.,0.,-1.));
#2585=AXIS2_PLACEMENT_3D('',#2582,#2583,#2584);
#2586=CIRCLE('',#2585,0.5);
#2587=EDGE_CURVE('',#1319,#2443,#2586,.T.);
#2588=ORIENTED_EDGE('',*,*,#2587,.F.);
#2589=ORIENTED_EDGE('',*,*,#1384,.F.);
#2590=EDGE_LOOP('',(#2580,#2581,#2588,#2589));
#2591=FACE_BOUND('',#2590,.T.);
#2592=ADVANCED_FACE('',(#2591),#2579,.T.);
#2593=CARTESIAN_POINT('',(59.62,32.467893219,-6.67));
#2594=DIRECTION('',(-1.,0.,0.));
#2595=DIRECTION('',(0.,0.,-1.));
#2596=AXIS2_PLACEMENT_3D('',#2593,#2594,#2595);
#2597=CYLINDRICAL_SURFACE('',#2596,0.5);
#2598=ORIENTED_EDGE('',*,*,#2569,.T.);
#2599=ORIENTED_EDGE('',*,*,#1352,.F.);
#2600=CARTESIAN_POINT('',(-54.2,32.467893219,-6.67));
#2601=DIRECTION('',(-1.,0.,0.));
#2602=DIRECTION('',(-0.,-1.,0.));
#2603=AXIS2_PLACEMENT_3D('',#2600,#2601,#2602);
#2604=CIRCLE('',#2603,0.5);
#2605=EDGE_CURVE('',#2338,#1338,#2604,.T.);
#2606=ORIENTED_EDGE('',*,*,#2605,.F.);
#2607=ORIENTED_EDGE('',*,*,#2357,.F.);
#2608=EDGE_LOOP('',(#2598,#2599,#2606,#2607));
#2609=FACE_BOUND('',#2608,.T.);
#2610=ADVANCED_FACE('',(#2609),#2597,.T.);
#2611=CARTESIAN_POINT('',(-54.2,-28.5,-6.67));
#2612=DIRECTION('',(0.,0.,-1.));
#2613=DIRECTION('',(0.,-1.,0.));
#2614=AXIS2_PLACEMENT_3D('',#2611,#2612,#2613);
#2615=TOROIDAL_SURFACE('',#2614,3.967893219,0.5);
#2616=ORIENTED_EDGE('',*,*,#2587,.T.);
#2617=ORIENTED_EDGE('',*,*,#2510,.F.);
#2618=CARTESIAN_POINT('',(-58.167893219,-28.5,-6.67));
#2619=DIRECTION('',(-0.,1.,-0.));
#2620=DIRECTION('',(0.,0.,-1.));
#2621=AXIS2_PLACEMENT_3D('',#2618,#2619,#2620);
#2622=CIRCLE('',#2621,0.5);
#2623=EDGE_CURVE('',#1321,#2467,#2622,.T.);
#2624=ORIENTED_EDGE('',*,*,#2623,.F.);
#2625=ORIENTED_EDGE('',*,*,#1327,.F.);
#2626=EDGE_LOOP('',(#2616,#2617,#2624,#2625));
#2627=FACE_BOUND('',#2626,.T.);
#2628=ADVANCED_FACE('',(#2627),#2615,.T.);
#2629=CARTESIAN_POINT('',(-54.2,28.5,-6.67));
#2630=DIRECTION('',(0.,0.,-1.));
#2631=DIRECTION('',(0.,-1.,0.));
#2632=AXIS2_PLACEMENT_3D('',#2629,#2630,#2631);
#2633=TOROIDAL_SURFACE('',#2632,3.967893219,0.5);
#2634=ORIENTED_EDGE('',*,*,#2605,.T.);
#2635=ORIENTED_EDGE('',*,*,#1344,.F.);
#2636=CARTESIAN_POINT('',(-58.167893219,28.5,-6.67));
#2637=DIRECTION('',(0.,-1.,0.));
#2638=DIRECTION('',(0.,0.,-1.));
#2639=AXIS2_PLACEMENT_3D('',#2636,#2637,#2638);
#2640=CIRCLE('',#2639,0.5);
#2641=EDGE_CURVE('',#2403,#1330,#2640,.T.);
#2642=ORIENTED_EDGE('',*,*,#2641,.F.);
#2643=ORIENTED_EDGE('',*,*,#2423,.F.);
#2644=EDGE_LOOP('',(#2634,#2635,#2642,#2643));
#2645=FACE_BOUND('',#2644,.T.);
#2646=ADVANCED_FACE('',(#2645),#2633,.T.);
#2647=CARTESIAN_POINT('',(-58.167893219,32.3,-6.67));
#2648=DIRECTION('',(0.,-1.,0.));
#2649=DIRECTION('',(-1.,0.,0.));
#2650=AXIS2_PLACEMENT_3D('',#2647,#2648,#2649);
#2651=CYLINDRICAL_SURFACE('',#2650,0.5);
#2652=ORIENTED_EDGE('',*,*,#2623,.T.);
#2653=ORIENTED_EDGE('',*,*,#2486,.F.);
#2654=ORIENTED_EDGE('',*,*,#2641,.T.);
#2655=ORIENTED_EDGE('',*,*,#1335,.F.);
#2656=EDGE_LOOP('',(#2652,#2653,#2654,#2655));
#2657=FACE_BOUND('',#2656,.T.);
#2658=ADVANCED_FACE('',(#2657),#2651,.T.);
#2659=CARTESIAN_POINT('',(-54.2,28.5,-6.612893219));
#2660=DIRECTION('',(0.,0.,-1.));
#2661=DIRECTION('',(0.,-1.,0.));
#2662=AXIS2_PLACEMENT_3D('',#2659,#2660,#2661);
#2663=TOROIDAL_SURFACE('',#2662,4.025,0.5);
#2664=CARTESIAN_POINT('',(-54.2,32.525,-6.612893219));
#2665=DIRECTION('',(1.,0.,0.));
#2666=DIRECTION('',(0.,0.,-1.));
#2667=AXIS2_PLACEMENT_3D('',#2664,#2665,#2666);
#2668=CIRCLE('',#2667,0.5);
#2669=EDGE_CURVE('',#2336,#1134,#2668,.T.);
#2670=ORIENTED_EDGE('',*,*,#2669,.F.);
#2671=ORIENTED_EDGE('',*,*,#2415,.F.);
#2672=CARTESIAN_POINT('',(-58.225,28.5,-6.612893219));
#2673=DIRECTION('',(-0.,-1.,-0.));
#2674=DIRECTION('',(0.,-0.,1.));
#2675=AXIS2_PLACEMENT_3D('',#2672,#2673,#2674);
#2676=CIRCLE('',#2675,0.5);
#2677=EDGE_CURVE('',#1677,#2401,#2676,.T.);
#2678=ORIENTED_EDGE('',*,*,#2677,.F.);
#2679=ORIENTED_EDGE('',*,*,#2056,.F.);
#2680=EDGE_LOOP('',(#2670,#2671,#2678,#2679));
#2681=FACE_BOUND('',#2680,.T.);
#2682=ADVANCED_FACE('',(#2681),#2663,.T.);
#2683=CARTESIAN_POINT('',(-58.225,-31.35,-6.612893219));
#2684=DIRECTION('',(-0.,1.,0.));
#2685=DIRECTION('',(1.,0.,0.));
#2686=AXIS2_PLACEMENT_3D('',#2683,#2684,#2685);
#2687=CYLINDRICAL_SURFACE('',#2686,0.5);
#2688=ORIENTED_EDGE('',*,*,#2677,.T.);
#2689=ORIENTED_EDGE('',*,*,#2479,.F.);
#2690=CARTESIAN_POINT('',(-58.225,-28.5,-6.612893219));
#2691=DIRECTION('',(-0.,-1.,0.));
#2692=DIRECTION('',(1.,-0.,0.));
#2693=AXIS2_PLACEMENT_3D('',#2690,#2691,#2692);
#2694=CIRCLE('',#2693,0.5);
#2695=EDGE_CURVE('',#1659,#2465,#2694,.T.);
#2696=ORIENTED_EDGE('',*,*,#2695,.F.);
#2697=ORIENTED_EDGE('',*,*,#1688,.F.);
#2698=EDGE_LOOP('',(#2688,#2689,#2696,#2697));
#2699=FACE_BOUND('',#2698,.T.);
#2700=ADVANCED_FACE('',(#2699),#2687,.T.);
#2701=CARTESIAN_POINT('',(-59.62,32.525,-6.612893219));
#2702=DIRECTION('',(1.,0.,-0.));
#2703=DIRECTION('',(0.,0.,1.));
#2704=AXIS2_PLACEMENT_3D('',#2701,#2702,#2703);
#2705=CYLINDRICAL_SURFACE('',#2704,0.5);
#2706=ORIENTED_EDGE('',*,*,#2669,.T.);
#2707=ORIENTED_EDGE('',*,*,#1163,.F.);
#2708=CARTESIAN_POINT('',(54.2,32.525,-6.612893219));
#2709=DIRECTION('',(1.,0.,-0.));
#2710=DIRECTION('',(0.,-1.,0.));
#2711=AXIS2_PLACEMENT_3D('',#2708,#2709,#2710);
#2712=CIRCLE('',#2711,0.5);
#2713=EDGE_CURVE('',#2263,#1152,#2712,.T.);
#2714=ORIENTED_EDGE('',*,*,#2713,.F.);
#2715=ORIENTED_EDGE('',*,*,#2350,.F.);
#2716=EDGE_LOOP('',(#2706,#2707,#2714,#2715));
#2717=FACE_BOUND('',#2716,.T.);
#2718=ADVANCED_FACE('',(#2717),#2705,.T.);
#2719=CARTESIAN_POINT('',(-54.2,-28.5,-6.612893219));
#2720=DIRECTION('',(0.,0.,-1.));
#2721=DIRECTION('',(0.,-1.,0.));
#2722=AXIS2_PLACEMENT_3D('',#2719,#2720,#2721);
#2723=TOROIDAL_SURFACE('',#2722,4.025,0.5);
#2724=ORIENTED_EDGE('',*,*,#1984,.F.);
#2725=ORIENTED_EDGE('',*,*,#2695,.T.);
#2726=ORIENTED_EDGE('',*,*,#2502,.F.);
#2727=CARTESIAN_POINT('',(-54.2,-32.910783108,-6.930967729));
#2728=VERTEX_POINT('',#2727);
#2729=CARTESIAN_POINT('',(-54.2,-32.525,-6.612893219));
#2730=DIRECTION('',(1.,-0.,-0.));
#2731=DIRECTION('',(0.,0.,1.));
#2732=AXIS2_PLACEMENT_3D('',#2729,#2730,#2731);
#2733=CIRCLE('',#2732,0.5);
#2734=EDGE_CURVE('',#2728,#2435,#2733,.T.);
#2735=ORIENTED_EDGE('',*,*,#2734,.F.);
#2736=CARTESIAN_POINT('',(-54.2,-32.525,-6.612893219));
#2737=DIRECTION('',(1.,-0.,-0.));
#2738=DIRECTION('',(0.,0.,1.));
#2739=AXIS2_PLACEMENT_3D('',#2736,#2737,#2738);
#2740=CIRCLE('',#2739,0.5);
#2741=EDGE_CURVE('',#1787,#2728,#2740,.T.);
#2742=ORIENTED_EDGE('',*,*,#2741,.F.);
#2743=EDGE_LOOP('',(#2724,#2725,#2726,#2735,#2742));
#2744=FACE_BOUND('',#2743,.T.);
#2745=ADVANCED_FACE('',(#2744),#2723,.T.);
#2746=CARTESIAN_POINT('',(54.2,28.5,-6.612893219));
#2747=DIRECTION('',(0.,0.,-1.));
#2748=DIRECTION('',(0.,-1.,0.));
#2749=AXIS2_PLACEMENT_3D('',#2746,#2747,#2748);
#2750=TOROIDAL_SURFACE('',#2749,4.025,0.5);
#2751=ORIENTED_EDGE('',*,*,#2713,.T.);
#2752=ORIENTED_EDGE('',*,*,#2008,.F.);
#2753=CARTESIAN_POINT('',(58.225,28.5,-6.612893219));
#2754=DIRECTION('',(0.,-1.,0.));
#2755=DIRECTION('',(0.,0.,-1.));
#2756=AXIS2_PLACEMENT_3D('',#2753,#2754,#2755);
#2757=CIRCLE('',#2756,0.5);
#2758=EDGE_CURVE('',#2273,#1845,#2757,.T.);
#2759=ORIENTED_EDGE('',*,*,#2758,.F.);
#2760=ORIENTED_EDGE('',*,*,#2279,.F.);
#2761=EDGE_LOOP('',(#2751,#2752,#2759,#2760));
#2762=FACE_BOUND('',#2761,.T.);
#2763=ADVANCED_FACE('',(#2762),#2750,.T.);
#2764=CARTESIAN_POINT('',(59.62,-32.525,-6.612893219));
#2765=DIRECTION('',(-1.,0.,0.));
#2766=DIRECTION('',(0.,0.,-1.));
#2767=AXIS2_PLACEMENT_3D('',#2764,#2765,#2766);
#2768=CYLINDRICAL_SURFACE('',#2767,0.5);
#2769=ORIENTED_EDGE('',*,*,#2741,.T.);
#2770=ORIENTED_EDGE('',*,*,#2734,.T.);
#2771=ORIENTED_EDGE('',*,*,#2440,.F.);
#2772=CARTESIAN_POINT('',(54.2,-32.525,-6.612893219));
#2773=DIRECTION('',(1.,0.,0.));
#2774=DIRECTION('',(0.,0.,-1.));
#2775=AXIS2_PLACEMENT_3D('',#2772,#2773,#2774);
#2776=CIRCLE('',#2775,0.5);
#2777=EDGE_CURVE('',#1769,#2369,#2776,.T.);
#2778=ORIENTED_EDGE('',*,*,#2777,.F.);
#2779=ORIENTED_EDGE('',*,*,#1798,.F.);
#2780=EDGE_LOOP('',(#2769,#2770,#2771,#2778,#2779));
#2781=FACE_BOUND('',#2780,.T.);
#2782=ADVANCED_FACE('',(#2781),#2768,.T.);
#2783=CARTESIAN_POINT('',(58.225,31.35,-6.612893219));
#2784=DIRECTION('',(0.,-1.,0.));
#2785=DIRECTION('',(0.,0.,1.));
#2786=AXIS2_PLACEMENT_3D('',#2783,#2784,#2785);
#2787=CYLINDRICAL_SURFACE('',#2786,0.5);
#2788=ORIENTED_EDGE('',*,*,#2758,.T.);
#2789=ORIENTED_EDGE('',*,*,#1874,.F.);
#2790=CARTESIAN_POINT('',(58.225,-28.5,-6.612893219));
#2791=DIRECTION('',(0.,-1.,-0.));
#2792=DIRECTION('',(-1.,-0.,0.));
#2793=AXIS2_PLACEMENT_3D('',#2790,#2791,#2792);
#2794=CIRCLE('',#2793,0.5);
#2795=EDGE_CURVE('',#2306,#1863,#2794,.T.);
#2796=ORIENTED_EDGE('',*,*,#2795,.F.);
#2797=ORIENTED_EDGE('',*,*,#2311,.F.);
#2798=EDGE_LOOP('',(#2788,#2789,#2796,#2797));
#2799=FACE_BOUND('',#2798,.T.);
#2800=ADVANCED_FACE('',(#2799),#2787,.T.);
#2801=CARTESIAN_POINT('',(54.2,-28.5,-6.612893219));
#2802=DIRECTION('',(0.,0.,-1.));
#2803=DIRECTION('',(0.,-1.,0.));
#2804=AXIS2_PLACEMENT_3D('',#2801,#2802,#2803);
#2805=TOROIDAL_SURFACE('',#2804,4.025,0.5);
#2806=ORIENTED_EDGE('',*,*,#2777,.T.);
#2807=ORIENTED_EDGE('',*,*,#2375,.F.);
#2808=ORIENTED_EDGE('',*,*,#2795,.T.);
#2809=ORIENTED_EDGE('',*,*,#2032,.F.);
#2810=EDGE_LOOP('',(#2806,#2807,#2808,#2809));
#2811=FACE_BOUND('',#2810,.T.);
#2812=ADVANCED_FACE('',(#2811),#2805,.T.);
#2813=CARTESIAN_POINT('',(-54.2,-28.5,-0.14609127));
#2814=DIRECTION('',(0.,0.,-1.));
#2815=DIRECTION('',(0.,-1.,0.));
#2816=AXIS2_PLACEMENT_3D('',#2813,#2814,#2815);
#2817=CONICAL_SURFACE('',#2816,4.37109127,44.999999796);
#2818=CARTESIAN_POINT('',(-54.2,-32.87144661,-0.14644661));
#2819=VERTEX_POINT('',#2818);
#2820=CARTESIAN_POINT('',(-58.571446609,-28.5,-0.146446609));
#2821=VERTEX_POINT('',#2820);
#2822=CARTESIAN_POINT('',(-54.2,-28.5,-0.14644661));
#2823=DIRECTION('',(0.,0.,-1.));
#2824=DIRECTION('',(-1.,0.,0.));
#2825=AXIS2_PLACEMENT_3D('',#2822,#2823,#2824);
#2826=CIRCLE('',#2825,4.371446609);
#2827=EDGE_CURVE('',#2819,#2821,#2826,.T.);
#2828=ORIENTED_EDGE('',*,*,#2827,.T.);
#2829=CARTESIAN_POINT('',(-58.578553391,-28.5,-0.153553391));
#2830=VERTEX_POINT('',#2829);
#2831=CARTESIAN_POINT('',(-58.578553391,-28.5,-0.153553391));
#2832=DIRECTION('',(0.707106781,0.,0.707106781));
#2833=VECTOR('',#2832,0.010050507);
#2834=LINE('',#2831,#2833);
#2835=EDGE_CURVE('',#2830,#2821,#2834,.T.);
#2836=ORIENTED_EDGE('',*,*,#2835,.F.);
#2837=CARTESIAN_POINT('',(-54.2,-32.878553391,-0.153553391));
#2838=VERTEX_POINT('',#2837);
#2839=CARTESIAN_POINT('',(-54.2,-28.5,-0.153553391));
#2840=DIRECTION('',(-0.,-0.,1.));
#2841=DIRECTION('',(-1.,0.,0.));
#2842=AXIS2_PLACEMENT_3D('',#2839,#2840,#2841);
#2843=CIRCLE('',#2842,4.378553391);
#2844=EDGE_CURVE('',#2830,#2838,#2843,.T.);
#2845=ORIENTED_EDGE('',*,*,#2844,.T.);
#2846=CARTESIAN_POINT('',(-54.2,-32.875,-0.15));
#2847=VERTEX_POINT('',#2846);
#2848=CARTESIAN_POINT('',(-54.2,-32.875,-0.15));
#2849=DIRECTION('',(-0.,-0.707106781,-0.707106781));
#2850=VECTOR('',#2849,0.005025253);
#2851=LINE('',#2848,#2850);
#2852=EDGE_CURVE('',#2847,#2838,#2851,.T.);
#2853=ORIENTED_EDGE('',*,*,#2852,.F.);
#2854=CARTESIAN_POINT('',(-54.2,-32.87144661,-0.14644661));
#2855=DIRECTION('',(-0.,-0.707106781,-0.707106781));
#2856=VECTOR('',#2855,0.005025253);
#2857=LINE('',#2854,#2856);
#2858=EDGE_CURVE('',#2819,#2847,#2857,.T.);
#2859=ORIENTED_EDGE('',*,*,#2858,.F.);
#2860=EDGE_LOOP('',(#2828,#2836,#2845,#2853,#2859));
#2861=FACE_BOUND('',#2860,.T.);
#2862=ADVANCED_FACE('',(#2861),#2817,.T.);
#2863=CARTESIAN_POINT('',(59.62,-32.87890873,-0.15390873));
#2864=DIRECTION('',(0.,0.707106781,-0.707106781));
#2865=DIRECTION('',(-1.,0.,0.));
#2866=AXIS2_PLACEMENT_3D('',#2863,#2864,#2865);
#2867=PLANE('',#2866);
#2868=CARTESIAN_POINT('',(54.2,-32.87144661,-0.14644661));
#2869=VERTEX_POINT('',#2868);
#2870=CARTESIAN_POINT('',(54.2,-32.87144661,-0.14644661));
#2871=DIRECTION('',(-1.,0.,0.));
#2872=VECTOR('',#2871,108.4);
#2873=LINE('',#2870,#2872);
#2874=EDGE_CURVE('',#2869,#2819,#2873,.T.);
#2875=ORIENTED_EDGE('',*,*,#2874,.T.);
#2876=ORIENTED_EDGE('',*,*,#2858,.T.);
#2877=ORIENTED_EDGE('',*,*,#2852,.T.);
#2878=CARTESIAN_POINT('',(54.2,-32.878553391,-0.153553391));
#2879=VERTEX_POINT('',#2878);
#2880=CARTESIAN_POINT('',(-54.2,-32.878553391,-0.153553391));
#2881=DIRECTION('',(1.,-0.,-0.));
#2882=VECTOR('',#2881,108.4);
#2883=LINE('',#2880,#2882);
#2884=EDGE_CURVE('',#2838,#2879,#2883,.T.);
#2885=ORIENTED_EDGE('',*,*,#2884,.T.);
#2886=CARTESIAN_POINT('',(54.2,-32.875000001,-0.150000001));
#2887=VERTEX_POINT('',#2886);
#2888=CARTESIAN_POINT('',(54.2,-32.875000001,-0.150000001));
#2889=DIRECTION('',(0.,-0.707106779,-0.707106784));
#2890=VECTOR('',#2889,0.005025253);
#2891=LINE('',#2888,#2890);
#2892=EDGE_CURVE('',#2887,#2879,#2891,.T.);
#2893=ORIENTED_EDGE('',*,*,#2892,.F.);
#2894=CARTESIAN_POINT('',(54.2,-32.87144661,-0.14644661));
#2895=DIRECTION('',(0.,-0.707106779,-0.707106784));
#2896=VECTOR('',#2895,0.005025253);
#2897=LINE('',#2894,#2896);
#2898=EDGE_CURVE('',#2869,#2887,#2897,.T.);
#2899=ORIENTED_EDGE('',*,*,#2898,.F.);
#2900=EDGE_LOOP('',(#2875,#2876,#2877,#2885,#2893,#2899));
#2901=FACE_BOUND('',#2900,.T.);
#2902=ADVANCED_FACE('',(#2901),#2867,.F.);
#2903=CARTESIAN_POINT('',(-58.57890873,-31.35,-0.15390873));
#2904=DIRECTION('',(0.707106781,0.,-0.707106781));
#2905=DIRECTION('',(0.,1.,0.));
#2906=AXIS2_PLACEMENT_3D('',#2903,#2904,#2905);
#2907=PLANE('',#2906);
#2908=CARTESIAN_POINT('',(-58.578553391,28.5,-0.153553391));
#2909=VERTEX_POINT('',#2908);
#2910=CARTESIAN_POINT('',(-58.571446609,28.5,-0.146446609));
#2911=VERTEX_POINT('',#2910);
#2912=CARTESIAN_POINT('',(-58.578553391,28.5,-0.153553391));
#2913=CARTESIAN_POINT('',(-58.576184464,28.5,-0.151184464));
#2914=CARTESIAN_POINT('',(-58.573815537,28.5,-0.148815537));
#2915=CARTESIAN_POINT('',(-58.571446609,28.5,-0.146446609));
#2916=B_SPLINE_CURVE_WITH_KNOTS('',3,(#2912,#2913,#2914,#2915),.UNSPECIFIED.,.F.,.F.,(4,4),(0.,0.010050506),.UNSPECIFIED.);
#2917=EDGE_CURVE('',#2909,#2911,#2916,.T.);
#2918=ORIENTED_EDGE('',*,*,#2917,.F.);
#2919=CARTESIAN_POINT('',(-58.578553391,28.5,-0.153553391));
#2920=DIRECTION('',(-0.,-1.,-0.));
#2921=VECTOR('',#2920,57.);
#2922=LINE('',#2919,#2921);
#2923=EDGE_CURVE('',#2909,#2830,#2922,.T.);
#2924=ORIENTED_EDGE('',*,*,#2923,.T.);
#2925=ORIENTED_EDGE('',*,*,#2835,.T.);
#2926=CARTESIAN_POINT('',(-58.571446609,-28.5,-0.146446609));
#2927=DIRECTION('',(0.,1.,0.));
#2928=VECTOR('',#2927,57.);
#2929=LINE('',#2926,#2928);
#2930=EDGE_CURVE('',#2821,#2911,#2929,.T.);
#2931=ORIENTED_EDGE('',*,*,#2930,.T.);
#2932=EDGE_LOOP('',(#2918,#2924,#2925,#2931));
#2933=FACE_BOUND('',#2932,.T.);
#2934=ADVANCED_FACE('',(#2933),#2907,.F.);
#2935=CARTESIAN_POINT('',(54.2,-28.5,-0.14609127));
#2936=DIRECTION('',(0.,0.,-1.));
#2937=DIRECTION('',(0.,-1.,0.));
#2938=AXIS2_PLACEMENT_3D('',#2935,#2936,#2937);
#2939=CONICAL_SURFACE('',#2938,4.37109127,44.999999796);
#2940=CARTESIAN_POINT('',(58.57144661,-28.5,-0.14644661));
#2941=VERTEX_POINT('',#2940);
#2942=CARTESIAN_POINT('',(58.578553391,-28.5,-0.153553391));
#2943=VERTEX_POINT('',#2942);
#2944=CARTESIAN_POINT('',(58.57144661,-28.5,-0.14644661));
#2945=DIRECTION('',(0.707106781,-0.,-0.707106781));
#2946=VECTOR('',#2945,0.010050506);
#2947=LINE('',#2944,#2946);
#2948=EDGE_CURVE('',#2941,#2943,#2947,.T.);
#2949=ORIENTED_EDGE('',*,*,#2948,.F.);
#2950=CARTESIAN_POINT('',(54.2,-28.5,-0.14644661));
#2951=DIRECTION('',(0.,0.,-1.));
#2952=DIRECTION('',(-1.,0.,0.));
#2953=AXIS2_PLACEMENT_3D('',#2950,#2951,#2952);
#2954=CIRCLE('',#2953,4.371446609);
#2955=EDGE_CURVE('',#2941,#2869,#2954,.T.);
#2956=ORIENTED_EDGE('',*,*,#2955,.T.);
#2957=ORIENTED_EDGE('',*,*,#2898,.T.);
#2958=ORIENTED_EDGE('',*,*,#2892,.T.);
#2959=CARTESIAN_POINT('',(54.2,-28.5,-0.153553391));
#2960=DIRECTION('',(-0.,-0.,1.));
#2961=DIRECTION('',(-1.,0.,0.));
#2962=AXIS2_PLACEMENT_3D('',#2959,#2960,#2961);
#2963=CIRCLE('',#2962,4.378553391);
#2964=EDGE_CURVE('',#2879,#2943,#2963,.T.);
#2965=ORIENTED_EDGE('',*,*,#2964,.T.);
#2966=EDGE_LOOP('',(#2949,#2956,#2957,#2958,#2965));
#2967=FACE_BOUND('',#2966,.T.);
#2968=ADVANCED_FACE('',(#2967),#2939,.T.);
#2969=CARTESIAN_POINT('',(-54.2,28.5,-0.14609127));
#2970=DIRECTION('',(0.,0.,-1.));
#2971=DIRECTION('',(0.,-1.,0.));
#2972=AXIS2_PLACEMENT_3D('',#2969,#2970,#2971);
#2973=CONICAL_SURFACE('',#2972,4.37109127,44.999999796);
#2974=CARTESIAN_POINT('',(-54.2,32.878553391,-0.153553391));
#2975=VERTEX_POINT('',#2974);
#2976=CARTESIAN_POINT('',(-54.2,32.871446609,-0.146446609));
#2977=VERTEX_POINT('',#2976);
#2978=CARTESIAN_POINT('',(-54.2,32.878553391,-0.153553391));
#2979=DIRECTION('',(0.,-0.707106781,0.707106781));
#2980=VECTOR('',#2979,0.010050507);
#2981=LINE('',#2978,#2980);
#2982=EDGE_CURVE('',#2975,#2977,#2981,.T.);
#2983=ORIENTED_EDGE('',*,*,#2982,.F.);
#2984=CARTESIAN_POINT('',(-54.2,28.5,-0.153553391));
#2985=DIRECTION('',(-0.,-0.,1.));
#2986=DIRECTION('',(-1.,0.,0.));
#2987=AXIS2_PLACEMENT_3D('',#2984,#2985,#2986);
#2988=CIRCLE('',#2987,4.378553391);
#2989=EDGE_CURVE('',#2975,#2909,#2988,.T.);
#2990=ORIENTED_EDGE('',*,*,#2989,.T.);
#2991=ORIENTED_EDGE('',*,*,#2917,.T.);
#2992=CARTESIAN_POINT('',(-54.2,28.5,-0.146446609));
#2993=DIRECTION('',(0.,0.,-1.));
#2994=DIRECTION('',(-1.,0.,0.));
#2995=AXIS2_PLACEMENT_3D('',#2992,#2993,#2994);
#2996=CIRCLE('',#2995,4.371446609);
#2997=EDGE_CURVE('',#2911,#2977,#2996,.T.);
#2998=ORIENTED_EDGE('',*,*,#2997,.T.);
#2999=EDGE_LOOP('',(#2983,#2990,#2991,#2998));
#3000=FACE_BOUND('',#2999,.T.);
#3001=ADVANCED_FACE('',(#3000),#2973,.T.);
#3002=CARTESIAN_POINT('',(58.57890873,31.35,-0.15390873));
#3003=DIRECTION('',(-0.707106781,0.,-0.707106781));
#3004=DIRECTION('',(0.,-1.,0.));
#3005=AXIS2_PLACEMENT_3D('',#3002,#3003,#3004);
#3006=PLANE('',#3005);
#3007=ORIENTED_EDGE('',*,*,#2948,.T.);
#3008=CARTESIAN_POINT('',(58.578553391,28.5,-0.153553391));
#3009=VERTEX_POINT('',#3008);
#3010=CARTESIAN_POINT('',(58.578553391,-28.5,-0.153553391));
#3011=DIRECTION('',(-0.,1.,-0.));
#3012=VECTOR('',#3011,57.);
#3013=LINE('',#3010,#3012);
#3014=EDGE_CURVE('',#2943,#3009,#3013,.T.);
#3015=ORIENTED_EDGE('',*,*,#3014,.T.);
#3016=CARTESIAN_POINT('',(58.57144661,28.5,-0.14644661));
#3017=VERTEX_POINT('',#3016);
#3018=CARTESIAN_POINT('',(58.57144661,28.5,-0.14644661));
#3019=DIRECTION('',(0.707106779,-0.,-0.707106784));
#3020=VECTOR('',#3019,0.010050506);
#3021=LINE('',#3018,#3020);
#3022=EDGE_CURVE('',#3017,#3009,#3021,.T.);
#3023=ORIENTED_EDGE('',*,*,#3022,.F.);
#3024=CARTESIAN_POINT('',(58.57144661,28.5,-0.14644661));
#3025=DIRECTION('',(0.,-1.,0.));
#3026=VECTOR('',#3025,57.);
#3027=LINE('',#3024,#3026);
#3028=EDGE_CURVE('',#3017,#2941,#3027,.T.);
#3029=ORIENTED_EDGE('',*,*,#3028,.T.);
#3030=EDGE_LOOP('',(#3007,#3015,#3023,#3029));
#3031=FACE_BOUND('',#3030,.T.);
#3032=ADVANCED_FACE('',(#3031),#3006,.F.);
#3033=CARTESIAN_POINT('',(-59.62,32.87890873,-0.15390873));
#3034=DIRECTION('',(0.,-0.707106781,-0.707106781));
#3035=DIRECTION('',(1.,0.,0.));
#3036=AXIS2_PLACEMENT_3D('',#3033,#3034,#3035);
#3037=PLANE('',#3036);
#3038=CARTESIAN_POINT('',(54.2,32.878553391,-0.153553391));
#3039=VERTEX_POINT('',#3038);
#3040=CARTESIAN_POINT('',(54.2,32.871446609,-0.146446609));
#3041=VERTEX_POINT('',#3040);
#3042=CARTESIAN_POINT('',(54.2,32.878553391,-0.153553391));
#3043=CARTESIAN_POINT('',(54.2,32.876184464,-0.151184464));
#3044=CARTESIAN_POINT('',(54.2,32.873815537,-0.148815537));
#3045=CARTESIAN_POINT('',(54.2,32.871446609,-0.146446609));
#3046=B_SPLINE_CURVE_WITH_KNOTS('',3,(#3042,#3043,#3044,#3045),.UNSPECIFIED.,.F.,.F.,(4,4),(0.,0.010050506),.UNSPECIFIED.);
#3047=EDGE_CURVE('',#3039,#3041,#3046,.T.);
#3048=ORIENTED_EDGE('',*,*,#3047,.F.);
#3049=CARTESIAN_POINT('',(54.2,32.878553391,-0.153553391));
#3050=DIRECTION('',(-1.,-0.,0.));
#3051=VECTOR('',#3050,108.4);
#3052=LINE('',#3049,#3051);
#3053=EDGE_CURVE('',#3039,#2975,#3052,.T.);
#3054=ORIENTED_EDGE('',*,*,#3053,.T.);
#3055=ORIENTED_EDGE('',*,*,#2982,.T.);
#3056=CARTESIAN_POINT('',(-54.2,32.871446609,-0.146446609));
#3057=DIRECTION('',(1.,0.,-0.));
#3058=VECTOR('',#3057,108.4);
#3059=LINE('',#3056,#3058);
#3060=EDGE_CURVE('',#2977,#3041,#3059,.T.);
#3061=ORIENTED_EDGE('',*,*,#3060,.T.);
#3062=EDGE_LOOP('',(#3048,#3054,#3055,#3061));
#3063=FACE_BOUND('',#3062,.T.);
#3064=ADVANCED_FACE('',(#3063),#3037,.F.);
#3065=CARTESIAN_POINT('',(54.2,28.5,-0.14609127));
#3066=DIRECTION('',(0.,0.,-1.));
#3067=DIRECTION('',(0.,-1.,0.));
#3068=AXIS2_PLACEMENT_3D('',#3065,#3066,#3067);
#3069=CONICAL_SURFACE('',#3068,4.37109127,44.999999796);
#3070=ORIENTED_EDGE('',*,*,#3022,.T.);
#3071=CARTESIAN_POINT('',(54.2,28.5,-0.153553391));
#3072=DIRECTION('',(-0.,-0.,1.));
#3073=DIRECTION('',(-1.,0.,0.));
#3074=AXIS2_PLACEMENT_3D('',#3071,#3072,#3073);
#3075=CIRCLE('',#3074,4.378553391);
#3076=EDGE_CURVE('',#3009,#3039,#3075,.T.);
#3077=ORIENTED_EDGE('',*,*,#3076,.T.);
#3078=ORIENTED_EDGE('',*,*,#3047,.T.);
#3079=CARTESIAN_POINT('',(54.2,28.5,-0.146446609));
#3080=DIRECTION('',(0.,0.,-1.));
#3081=DIRECTION('',(-1.,0.,0.));
#3082=AXIS2_PLACEMENT_3D('',#3079,#3080,#3081);
#3083=CIRCLE('',#3082,4.371446609);
#3084=EDGE_CURVE('',#3041,#3017,#3083,.T.);
#3085=ORIENTED_EDGE('',*,*,#3084,.T.);
#3086=EDGE_LOOP('',(#3070,#3077,#3078,#3085));
#3087=FACE_BOUND('',#3086,.T.);
#3088=ADVANCED_FACE('',(#3087),#3069,.T.);
#3089=CARTESIAN_POINT('',(-54.2,-28.5,-0.5));
#3090=DIRECTION('',(0.,-0.,1.));
#3091=DIRECTION('',(0.,1.,0.));
#3092=AXIS2_PLACEMENT_3D('',#3089,#3090,#3091);
#3093=TOROIDAL_SURFACE('',#3092,4.017893219,0.5);
#3094=CARTESIAN_POINT('',(-58.217893219,-28.5,-0.5));
#3095=DIRECTION('',(0.,1.,0.));
#3096=DIRECTION('',(0.,-0.,1.));
#3097=AXIS2_PLACEMENT_3D('',#3094,#3095,#3096);
#3098=CIRCLE('',#3097,0.5);
#3099=EDGE_CURVE('',#2821,#1921,#3098,.T.);
#3100=ORIENTED_EDGE('',*,*,#3099,.F.);
#3101=ORIENTED_EDGE('',*,*,#2827,.F.);
#3102=CARTESIAN_POINT('',(-54.2,-32.517893219,-0.5));
#3103=DIRECTION('',(1.,-0.,-0.));
#3104=DIRECTION('',(0.,0.,1.));
#3105=AXIS2_PLACEMENT_3D('',#3102,#3103,#3104);
#3106=CIRCLE('',#3105,0.5);
#3107=EDGE_CURVE('',#1929,#2819,#3106,.T.);
#3108=ORIENTED_EDGE('',*,*,#3107,.F.);
#3109=ORIENTED_EDGE('',*,*,#1935,.F.);
#3110=EDGE_LOOP('',(#3100,#3101,#3108,#3109));
#3111=FACE_BOUND('',#3110,.T.);
#3112=ADVANCED_FACE('',(#3111),#3093,.T.);
#3113=CARTESIAN_POINT('',(59.62,-32.517893219,-0.5));
#3114=DIRECTION('',(-1.,0.,0.));
#3115=DIRECTION('',(0.,0.,-1.));
#3116=AXIS2_PLACEMENT_3D('',#3113,#3114,#3115);
#3117=CYLINDRICAL_SURFACE('',#3116,0.5);
#3118=ORIENTED_EDGE('',*,*,#3107,.T.);
#3119=ORIENTED_EDGE('',*,*,#2874,.F.);
#3120=CARTESIAN_POINT('',(54.2,-32.517893219,-0.5));
#3121=DIRECTION('',(1.,-0.,-0.));
#3122=DIRECTION('',(-0.,-1.,0.));
#3123=AXIS2_PLACEMENT_3D('',#3120,#3121,#3122);
#3124=CIRCLE('',#3123,0.5);
#3125=EDGE_CURVE('',#1938,#2869,#3124,.T.);
#3126=ORIENTED_EDGE('',*,*,#3125,.F.);
#3127=ORIENTED_EDGE('',*,*,#1943,.F.);
#3128=EDGE_LOOP('',(#3118,#3119,#3126,#3127));
#3129=FACE_BOUND('',#3128,.T.);
#3130=ADVANCED_FACE('',(#3129),#3117,.T.);
#3131=CARTESIAN_POINT('',(-58.217893219,-31.35,-0.5));
#3132=DIRECTION('',(-0.,1.,0.));
#3133=DIRECTION('',(1.,0.,0.));
#3134=AXIS2_PLACEMENT_3D('',#3131,#3132,#3133);
#3135=CYLINDRICAL_SURFACE('',#3134,0.5);
#3136=ORIENTED_EDGE('',*,*,#3099,.T.);
#3137=ORIENTED_EDGE('',*,*,#1926,.F.);
#3138=CARTESIAN_POINT('',(-58.217893219,28.5,-0.5));
#3139=DIRECTION('',(-0.,1.,0.));
#3140=DIRECTION('',(-1.,-0.,0.));
#3141=AXIS2_PLACEMENT_3D('',#3138,#3139,#3140);
#3142=CIRCLE('',#3141,0.5);
#3143=EDGE_CURVE('',#2911,#1912,#3142,.T.);
#3144=ORIENTED_EDGE('',*,*,#3143,.F.);
#3145=ORIENTED_EDGE('',*,*,#2930,.F.);
#3146=EDGE_LOOP('',(#3136,#3137,#3144,#3145));
#3147=FACE_BOUND('',#3146,.T.);
#3148=ADVANCED_FACE('',(#3147),#3135,.T.);
#3149=CARTESIAN_POINT('',(54.2,-28.5,-0.5));
#3150=DIRECTION('',(0.,-0.,1.));
#3151=DIRECTION('',(0.,1.,0.));
#3152=AXIS2_PLACEMENT_3D('',#3149,#3150,#3151);
#3153=TOROIDAL_SURFACE('',#3152,4.017893219,0.5);
#3154=ORIENTED_EDGE('',*,*,#3125,.T.);
#3155=ORIENTED_EDGE('',*,*,#2955,.F.);
#3156=CARTESIAN_POINT('',(58.217893219,-28.5,-0.5));
#3157=DIRECTION('',(-0.,1.,-0.));
#3158=DIRECTION('',(0.,0.,-1.));
#3159=AXIS2_PLACEMENT_3D('',#3156,#3157,#3158);
#3160=CIRCLE('',#3159,0.5);
#3161=EDGE_CURVE('',#1885,#2941,#3160,.T.);
#3162=ORIENTED_EDGE('',*,*,#3161,.F.);
#3163=ORIENTED_EDGE('',*,*,#1950,.F.);
#3164=EDGE_LOOP('',(#3154,#3155,#3162,#3163));
#3165=FACE_BOUND('',#3164,.T.);
#3166=ADVANCED_FACE('',(#3165),#3153,.T.);
#3167=CARTESIAN_POINT('',(-54.2,28.5,-0.5));
#3168=DIRECTION('',(0.,-0.,1.));
#3169=DIRECTION('',(0.,1.,0.));
#3170=AXIS2_PLACEMENT_3D('',#3167,#3168,#3169);
#3171=TOROIDAL_SURFACE('',#3170,4.017893219,0.5);
#3172=ORIENTED_EDGE('',*,*,#3143,.T.);
#3173=ORIENTED_EDGE('',*,*,#1918,.F.);
#3174=CARTESIAN_POINT('',(-54.2,32.517893219,-0.5));
#3175=DIRECTION('',(1.,0.,0.));
#3176=DIRECTION('',(0.,0.,-1.));
#3177=AXIS2_PLACEMENT_3D('',#3174,#3175,#3176);
#3178=CIRCLE('',#3177,0.5);
#3179=EDGE_CURVE('',#2977,#1904,#3178,.T.);
#3180=ORIENTED_EDGE('',*,*,#3179,.F.);
#3181=ORIENTED_EDGE('',*,*,#2997,.F.);
#3182=EDGE_LOOP('',(#3172,#3173,#3180,#3181));
#3183=FACE_BOUND('',#3182,.T.);
#3184=ADVANCED_FACE('',(#3183),#3171,.T.);
#3185=CARTESIAN_POINT('',(58.217893219,32.3,-0.5));
#3186=DIRECTION('',(0.,-1.,0.));
#3187=DIRECTION('',(0.,0.,1.));
#3188=AXIS2_PLACEMENT_3D('',#3185,#3186,#3187);
#3189=CYLINDRICAL_SURFACE('',#3188,0.5);
#3190=ORIENTED_EDGE('',*,*,#3161,.T.);
#3191=ORIENTED_EDGE('',*,*,#3028,.F.);
#3192=CARTESIAN_POINT('',(58.217893219,28.5,-0.5));
#3193=DIRECTION('',(0.,1.,-0.));
#3194=DIRECTION('',(1.,-0.,0.));
#3195=AXIS2_PLACEMENT_3D('',#3192,#3193,#3194);
#3196=CIRCLE('',#3195,0.5);
#3197=EDGE_CURVE('',#1887,#3017,#3196,.T.);
#3198=ORIENTED_EDGE('',*,*,#3197,.F.);
#3199=ORIENTED_EDGE('',*,*,#1892,.F.);
#3200=EDGE_LOOP('',(#3190,#3191,#3198,#3199));
#3201=FACE_BOUND('',#3200,.T.);
#3202=ADVANCED_FACE('',(#3201),#3189,.T.);
#3203=CARTESIAN_POINT('',(-58.,32.517893219,-0.5));
#3204=DIRECTION('',(1.,0.,-0.));
#3205=DIRECTION('',(0.,0.,1.));
#3206=AXIS2_PLACEMENT_3D('',#3203,#3204,#3205);
#3207=CYLINDRICAL_SURFACE('',#3206,0.5);
#3208=ORIENTED_EDGE('',*,*,#3179,.T.);
#3209=ORIENTED_EDGE('',*,*,#1909,.F.);
#3210=CARTESIAN_POINT('',(54.2,32.517893219,-0.5));
#3211=DIRECTION('',(1.,0.,0.));
#3212=DIRECTION('',(0.,0.,-1.));
#3213=AXIS2_PLACEMENT_3D('',#3210,#3211,#3212);
#3214=CIRCLE('',#3213,0.5);
#3215=EDGE_CURVE('',#3041,#1895,#3214,.T.);
#3216=ORIENTED_EDGE('',*,*,#3215,.F.);
#3217=ORIENTED_EDGE('',*,*,#3060,.F.);
#3218=EDGE_LOOP('',(#3208,#3209,#3216,#3217));
#3219=FACE_BOUND('',#3218,.T.);
#3220=ADVANCED_FACE('',(#3219),#3207,.T.);
#3221=CARTESIAN_POINT('',(54.2,28.5,-0.5));
#3222=DIRECTION('',(0.,-0.,1.));
#3223=DIRECTION('',(0.,1.,0.));
#3224=AXIS2_PLACEMENT_3D('',#3221,#3222,#3223);
#3225=TOROIDAL_SURFACE('',#3224,4.017893219,0.5);
#3226=ORIENTED_EDGE('',*,*,#3197,.T.);
#3227=ORIENTED_EDGE('',*,*,#3084,.F.);
#3228=ORIENTED_EDGE('',*,*,#3215,.T.);
#3229=ORIENTED_EDGE('',*,*,#1901,.F.);
#3230=EDGE_LOOP('',(#3226,#3227,#3228,#3229));
#3231=FACE_BOUND('',#3230,.T.);
#3232=ADVANCED_FACE('',(#3231),#3225,.T.);
#3233=CARTESIAN_POINT('',(54.2,28.5,-0.507106781));
#3234=DIRECTION('',(0.,-0.,1.));
#3235=DIRECTION('',(0.,1.,0.));
#3236=AXIS2_PLACEMENT_3D('',#3233,#3234,#3235);
#3237=TOROIDAL_SURFACE('',#3236,4.025,0.5);
#3238=CARTESIAN_POINT('',(54.2,32.525,-0.507106781));
#3239=DIRECTION('',(-1.,0.,0.));
#3240=DIRECTION('',(0.,0.,1.));
#3241=AXIS2_PLACEMENT_3D('',#3238,#3239,#3240);
#3242=CIRCLE('',#3241,0.5);
#3243=EDGE_CURVE('',#3039,#1144,#3242,.T.);
#3244=ORIENTED_EDGE('',*,*,#3243,.F.);
#3245=ORIENTED_EDGE('',*,*,#3076,.F.);
#3246=CARTESIAN_POINT('',(58.225,28.5,-0.507106781));
#3247=DIRECTION('',(-0.,-1.,-0.));
#3248=DIRECTION('',(0.,-0.,1.));
#3249=AXIS2_PLACEMENT_3D('',#3246,#3247,#3248);
#3250=CIRCLE('',#3249,0.5);
#3251=EDGE_CURVE('',#1847,#3009,#3250,.T.);
#3252=ORIENTED_EDGE('',*,*,#3251,.F.);
#3253=ORIENTED_EDGE('',*,*,#2000,.F.);
#3254=EDGE_LOOP('',(#3244,#3245,#3252,#3253));
#3255=FACE_BOUND('',#3254,.T.);
#3256=ADVANCED_FACE('',(#3255),#3237,.T.);
#3257=CARTESIAN_POINT('',(58.225,-31.35,-0.507106781));
#3258=DIRECTION('',(0.,1.,0.));
#3259=DIRECTION('',(0.,0.,-1.));
#3260=AXIS2_PLACEMENT_3D('',#3257,#3258,#3259);
#3261=CYLINDRICAL_SURFACE('',#3260,0.5);
#3262=ORIENTED_EDGE('',*,*,#3251,.T.);
#3263=ORIENTED_EDGE('',*,*,#3014,.F.);
#3264=CARTESIAN_POINT('',(58.225,-28.5,-0.507106781));
#3265=DIRECTION('',(-0.,-1.,0.));
#3266=DIRECTION('',(1.,-0.,0.));
#3267=AXIS2_PLACEMENT_3D('',#3264,#3265,#3266);
#3268=CIRCLE('',#3267,0.5);
#3269=EDGE_CURVE('',#1855,#2943,#3268,.T.);
#3270=ORIENTED_EDGE('',*,*,#3269,.F.);
#3271=ORIENTED_EDGE('',*,*,#1860,.F.);
#3272=EDGE_LOOP('',(#3262,#3263,#3270,#3271));
#3273=FACE_BOUND('',#3272,.T.);
#3274=ADVANCED_FACE('',(#3273),#3261,.T.);
#3275=CARTESIAN_POINT('',(59.62,32.525,-0.507106781));
#3276=DIRECTION('',(-1.,0.,0.));
#3277=DIRECTION('',(0.,0.,-1.));
#3278=AXIS2_PLACEMENT_3D('',#3275,#3276,#3277);
#3279=CYLINDRICAL_SURFACE('',#3278,0.5);
#3280=ORIENTED_EDGE('',*,*,#3243,.T.);
#3281=ORIENTED_EDGE('',*,*,#1149,.F.);
#3282=CARTESIAN_POINT('',(-54.2,32.525,-0.507106781));
#3283=DIRECTION('',(-1.,-0.,-0.));
#3284=DIRECTION('',(0.,0.,-1.));
#3285=AXIS2_PLACEMENT_3D('',#3282,#3283,#3284);
#3286=CIRCLE('',#3285,0.5);
#3287=EDGE_CURVE('',#2975,#1136,#3286,.T.);
#3288=ORIENTED_EDGE('',*,*,#3287,.F.);
#3289=ORIENTED_EDGE('',*,*,#3053,.F.);
#3290=EDGE_LOOP('',(#3280,#3281,#3288,#3289));
#3291=FACE_BOUND('',#3290,.T.);
#3292=ADVANCED_FACE('',(#3291),#3279,.T.);
#3293=CARTESIAN_POINT('',(54.2,-28.5,-0.507106781));
#3294=DIRECTION('',(0.,-0.,1.));
#3295=DIRECTION('',(0.,1.,0.));
#3296=AXIS2_PLACEMENT_3D('',#3293,#3294,#3295);
#3297=TOROIDAL_SURFACE('',#3296,4.025,0.5);
#3298=ORIENTED_EDGE('',*,*,#3269,.T.);
#3299=ORIENTED_EDGE('',*,*,#2964,.F.);
#3300=CARTESIAN_POINT('',(54.2,-32.525,-0.507106781));
#3301=DIRECTION('',(-1.,-0.,-0.));
#3302=DIRECTION('',(0.,0.,-1.));
#3303=AXIS2_PLACEMENT_3D('',#3300,#3301,#3302);
#3304=CIRCLE('',#3303,0.5);
#3305=EDGE_CURVE('',#1771,#2879,#3304,.T.);
#3306=ORIENTED_EDGE('',*,*,#3305,.F.);
#3307=ORIENTED_EDGE('',*,*,#2024,.F.);
#3308=EDGE_LOOP('',(#3298,#3299,#3306,#3307));
#3309=FACE_BOUND('',#3308,.T.);
#3310=ADVANCED_FACE('',(#3309),#3297,.T.);
#3311=CARTESIAN_POINT('',(-54.2,28.5,-0.507106781));
#3312=DIRECTION('',(0.,-0.,1.));
#3313=DIRECTION('',(0.,1.,0.));
#3314=AXIS2_PLACEMENT_3D('',#3311,#3312,#3313);
#3315=TOROIDAL_SURFACE('',#3314,4.025,0.5);
#3316=ORIENTED_EDGE('',*,*,#3287,.T.);
#3317=ORIENTED_EDGE('',*,*,#2048,.F.);
#3318=CARTESIAN_POINT('',(-58.225,28.5,-0.507106781));
#3319=DIRECTION('',(0.,-1.,0.));
#3320=DIRECTION('',(0.,0.,-1.));
#3321=AXIS2_PLACEMENT_3D('',#3318,#3319,#3320);
#3322=CIRCLE('',#3321,0.5);
#3323=EDGE_CURVE('',#2909,#1669,#3322,.T.);
#3324=ORIENTED_EDGE('',*,*,#3323,.F.);
#3325=ORIENTED_EDGE('',*,*,#2989,.F.);
#3326=EDGE_LOOP('',(#3316,#3317,#3324,#3325));
#3327=FACE_BOUND('',#3326,.T.);
#3328=ADVANCED_FACE('',(#3327),#3315,.T.);
#3329=CARTESIAN_POINT('',(-59.62,-32.525,-0.507106781));
#3330=DIRECTION('',(1.,0.,-0.));
#3331=DIRECTION('',(0.,0.,1.));
#3332=AXIS2_PLACEMENT_3D('',#3329,#3330,#3331);
#3333=CYLINDRICAL_SURFACE('',#3332,0.5);
#3334=ORIENTED_EDGE('',*,*,#3305,.T.);
#3335=ORIENTED_EDGE('',*,*,#2884,.F.);
#3336=CARTESIAN_POINT('',(-54.2,-32.525,-0.507106781));
#3337=DIRECTION('',(-1.,0.,0.));
#3338=DIRECTION('',(-0.,-1.,0.));
#3339=AXIS2_PLACEMENT_3D('',#3336,#3337,#3338);
#3340=CIRCLE('',#3339,0.5);
#3341=EDGE_CURVE('',#1779,#2838,#3340,.T.);
#3342=ORIENTED_EDGE('',*,*,#3341,.F.);
#3343=ORIENTED_EDGE('',*,*,#1784,.F.);
#3344=EDGE_LOOP('',(#3334,#3335,#3342,#3343));
#3345=FACE_BOUND('',#3344,.T.);
#3346=ADVANCED_FACE('',(#3345),#3333,.T.);
#3347=CARTESIAN_POINT('',(-58.225,31.35,-0.507106781));
#3348=DIRECTION('',(0.,-1.,0.));
#3349=DIRECTION('',(-1.,0.,0.));
#3350=AXIS2_PLACEMENT_3D('',#3347,#3348,#3349);
#3351=CYLINDRICAL_SURFACE('',#3350,0.5);
#3352=ORIENTED_EDGE('',*,*,#3323,.T.);
#3353=ORIENTED_EDGE('',*,*,#1674,.F.);
#3354=CARTESIAN_POINT('',(-58.225,-28.5,-0.507106781));
#3355=DIRECTION('',(0.,-1.,-0.));
#3356=DIRECTION('',(-1.,-0.,0.));
#3357=AXIS2_PLACEMENT_3D('',#3354,#3355,#3356);
#3358=CIRCLE('',#3357,0.5);
#3359=EDGE_CURVE('',#2830,#1661,#3358,.T.);
#3360=ORIENTED_EDGE('',*,*,#3359,.F.);
#3361=ORIENTED_EDGE('',*,*,#2923,.F.);
#3362=EDGE_LOOP('',(#3352,#3353,#3360,#3361));
#3363=FACE_BOUND('',#3362,.T.);
#3364=ADVANCED_FACE('',(#3363),#3351,.T.);
#3365=CARTESIAN_POINT('',(-54.2,-28.5,-0.507106781));
#3366=DIRECTION('',(0.,-0.,1.));
#3367=DIRECTION('',(0.,1.,0.));
#3368=AXIS2_PLACEMENT_3D('',#3365,#3366,#3367);
#3369=TOROIDAL_SURFACE('',#3368,4.025,0.5);
#3370=ORIENTED_EDGE('',*,*,#3341,.T.);
#3371=ORIENTED_EDGE('',*,*,#2844,.F.);
#3372=ORIENTED_EDGE('',*,*,#3359,.T.);
#3373=ORIENTED_EDGE('',*,*,#1976,.F.);
#3374=EDGE_LOOP('',(#3370,#3371,#3372,#3373));
#3375=FACE_BOUND('',#3374,.T.);
#3376=ADVANCED_FACE('',(#3375),#3369,.T.);
#3377=CARTESIAN_POINT('',(-2.111702559,-33.055,-2.49));
#3378=DIRECTION('',(0.,0.,1.));
#3379=DIRECTION('',(0.,1.,0.));
#3380=AXIS2_PLACEMENT_3D('',#3377,#3378,#3379);
#3381=PLANE('',#3380);
#3382=ORIENTED_EDGE('',*,*,#1834,.T.);
#3383=CARTESIAN_POINT('',(-11.735948824,-33.025,-2.49));
#3384=DIRECTION('',(0.,1.,0.));
#3385=VECTOR('',#3384,0.6);
#3386=LINE('',#3383,#3385);
#3387=EDGE_CURVE('',#1822,#1561,#3386,.T.);
#3388=ORIENTED_EDGE('',*,*,#3387,.T.);
#3389=ORIENTED_EDGE('',*,*,#1566,.F.);
#3390=CARTESIAN_POINT('',(-2.57,-32.425,-2.49));
#3391=DIRECTION('',(-0.,-1.,-0.));
#3392=VECTOR('',#3391,0.6);
#3393=LINE('',#3390,#3392);
#3394=EDGE_CURVE('',#1559,#1803,#3393,.T.);
#3395=ORIENTED_EDGE('',*,*,#3394,.T.);
#3396=EDGE_LOOP('',(#3382,#3388,#3389,#3395));
#3397=FACE_BOUND('',#3396,.T.);
#3398=ADVANCED_FACE('',(#3397),#3381,.F.);
#3399=CARTESIAN_POINT('',(-2.111702559,-32.395,-4.63));
#3400=DIRECTION('',(0.,0.,-1.));
#3401=DIRECTION('',(0.,-1.,0.));
#3402=AXIS2_PLACEMENT_3D('',#3399,#3400,#3401);
#3403=PLANE('',#3402);
#3404=ORIENTED_EDGE('',*,*,#1819,.T.);
#3405=CARTESIAN_POINT('',(-2.57,-33.025,-4.63));
#3406=DIRECTION('',(-0.,1.,-0.));
#3407=VECTOR('',#3406,0.6);
#3408=LINE('',#3405,#3407);
#3409=EDGE_CURVE('',#1805,#1578,#3408,.T.);
#3410=ORIENTED_EDGE('',*,*,#3409,.T.);
#3411=ORIENTED_EDGE('',*,*,#1583,.F.);
#3412=CARTESIAN_POINT('',(-11.735948824,-32.425,-4.63));
#3413=DIRECTION('',(0.,-1.,0.));
#3414=VECTOR('',#3413,0.6);
#3415=LINE('',#3412,#3414);
#3416=EDGE_CURVE('',#1569,#1814,#3415,.T.);
#3417=ORIENTED_EDGE('',*,*,#3416,.T.);
#3418=EDGE_LOOP('',(#3404,#3410,#3411,#3417));
#3419=FACE_BOUND('',#3418,.T.);
#3420=ADVANCED_FACE('',(#3419),#3403,.F.);
#3421=CARTESIAN_POINT('',(-11.735948824,-33.055,-3.56));
#3422=DIRECTION('',(0.,1.,0.));
#3423=DIRECTION('',(0.,0.,-1.));
#3424=AXIS2_PLACEMENT_3D('',#3421,#3422,#3423);
#3425=CYLINDRICAL_SURFACE('',#3424,1.07);
#3426=ORIENTED_EDGE('',*,*,#3416,.F.);
#3427=ORIENTED_EDGE('',*,*,#1575,.F.);
#3428=ORIENTED_EDGE('',*,*,#3387,.F.);
#3429=ORIENTED_EDGE('',*,*,#1828,.F.);
#3430=EDGE_LOOP('',(#3426,#3427,#3428,#3429));
#3431=FACE_BOUND('',#3430,.T.);
#3432=ADVANCED_FACE('',(#3431),#3425,.F.);
#3433=CARTESIAN_POINT('',(-2.57,-33.055,-3.56));
#3434=DIRECTION('',(0.,1.,0.));
#3435=DIRECTION('',(0.,0.,-1.));
#3436=AXIS2_PLACEMENT_3D('',#3433,#3434,#3435);
#3437=CYLINDRICAL_SURFACE('',#3436,1.07);
#3438=ORIENTED_EDGE('',*,*,#3409,.F.);
#3439=ORIENTED_EDGE('',*,*,#1811,.F.);
#3440=ORIENTED_EDGE('',*,*,#3394,.F.);
#3441=ORIENTED_EDGE('',*,*,#1590,.F.);
#3442=EDGE_LOOP('',(#3438,#3439,#3440,#3441));
#3443=FACE_BOUND('',#3442,.T.);
#3444=ADVANCED_FACE('',(#3443),#3437,.F.);
#3445=CARTESIAN_POINT('',(46.294209973,-31.425,-2.029974658));
#3446=DIRECTION('',(0.,0.,1.));
#3447=DIRECTION('',(1.,0.,0.));
#3448=AXIS2_PLACEMENT_3D('',#3445,#3446,#3447);
#3449=PLANE('',#3448);
#3450=ORIENTED_EDGE('',*,*,#1530,.F.);
#3451=CARTESIAN_POINT('',(51.688060382,-32.425,-2.029974658));
#3452=DIRECTION('',(-0.,-1.,-0.));
#3453=VECTOR('',#3452,0.6);
#3454=LINE('',#3451,#3453);
#3455=EDGE_CURVE('',#1516,#1699,#3454,.T.);
#3456=ORIENTED_EDGE('',*,*,#3455,.T.);
#3457=ORIENTED_EDGE('',*,*,#1706,.T.);
#3458=CARTESIAN_POINT('',(40.750359564,-33.025,-2.029974658));
#3459=DIRECTION('',(0.,1.,0.));
#3460=VECTOR('',#3459,0.6);
#3461=LINE('',#3458,#3460);
#3462=EDGE_CURVE('',#1701,#1525,#3461,.T.);
#3463=ORIENTED_EDGE('',*,*,#3462,.T.);
#3464=EDGE_LOOP('',(#3450,#3456,#3457,#3463));
#3465=FACE_BOUND('',#3464,.T.);
#3466=ADVANCED_FACE('',(#3465),#3449,.F.);
#3467=CARTESIAN_POINT('',(40.650359564,-31.425,-2.229974658));
#3468=DIRECTION('',(-1.,0.,0.));
#3469=DIRECTION('',(0.,-1.,0.));
#3470=AXIS2_PLACEMENT_3D('',#3467,#3468,#3469);
#3471=PLANE('',#3470);
#3472=ORIENTED_EDGE('',*,*,#1757,.T.);
#3473=CARTESIAN_POINT('',(40.650359564,-33.025,-3.27997463));
#3474=DIRECTION('',(-0.,1.,-0.));
#3475=VECTOR('',#3474,0.6);
#3476=LINE('',#3473,#3475);
#3477=EDGE_CURVE('',#1743,#1542,#3476,.T.);
#3478=ORIENTED_EDGE('',*,*,#3477,.T.);
#3479=ORIENTED_EDGE('',*,*,#1547,.F.);
#3480=CARTESIAN_POINT('',(40.650359564,-32.425,-2.129974658));
#3481=DIRECTION('',(0.,-1.,0.));
#3482=VECTOR('',#3481,0.6);
#3483=LINE('',#3480,#3482);
#3484=EDGE_CURVE('',#1533,#1752,#3483,.T.);
#3485=ORIENTED_EDGE('',*,*,#3484,.T.);
#3486=EDGE_LOOP('',(#3472,#3478,#3479,#3485));
#3487=FACE_BOUND('',#3486,.T.);
#3488=ADVANCED_FACE('',(#3487),#3471,.F.);
#3489=CARTESIAN_POINT('',(46.194209973,-31.425,-3.37997463));
#3490=DIRECTION('',(0.,0.,-1.));
#3491=DIRECTION('',(-1.,0.,0.));
#3492=AXIS2_PLACEMENT_3D('',#3489,#3490,#3491);
#3493=PLANE('',#3492);
#3494=ORIENTED_EDGE('',*,*,#1740,.T.);
#3495=CARTESIAN_POINT('',(51.688060382,-33.025,-3.37997463));
#3496=DIRECTION('',(0.,1.,0.));
#3497=VECTOR('',#3496,0.6);
#3498=LINE('',#3495,#3497);
#3499=EDGE_CURVE('',#1726,#1491,#3498,.T.);
#3500=ORIENTED_EDGE('',*,*,#3499,.T.);
#3501=ORIENTED_EDGE('',*,*,#1496,.F.);
#3502=CARTESIAN_POINT('',(40.750359564,-32.425,-3.37997463));
#3503=DIRECTION('',(-0.,-1.,-0.));
#3504=VECTOR('',#3503,0.6);
#3505=LINE('',#3502,#3504);
#3506=EDGE_CURVE('',#1489,#1735,#3505,.T.);
#3507=ORIENTED_EDGE('',*,*,#3506,.T.);
#3508=EDGE_LOOP('',(#3494,#3500,#3501,#3507));
#3509=FACE_BOUND('',#3508,.T.);
#3510=ADVANCED_FACE('',(#3509),#3493,.F.);
#3511=CARTESIAN_POINT('',(51.788060382,-31.425,-2.779974644));
#3512=DIRECTION('',(1.,0.,0.));
#3513=DIRECTION('',(0.,1.,0.));
#3514=AXIS2_PLACEMENT_3D('',#3511,#3512,#3513);
#3515=PLANE('',#3514);
#3516=ORIENTED_EDGE('',*,*,#1513,.F.);
#3517=CARTESIAN_POINT('',(51.788060382,-32.425,-3.27997463));
#3518=DIRECTION('',(-0.,-1.,-0.));
#3519=VECTOR('',#3518,0.6);
#3520=LINE('',#3517,#3519);
#3521=EDGE_CURVE('',#1499,#1718,#3520,.T.);
#3522=ORIENTED_EDGE('',*,*,#3521,.T.);
#3523=ORIENTED_EDGE('',*,*,#1723,.T.);
#3524=CARTESIAN_POINT('',(51.788060382,-33.025,-2.129974658));
#3525=DIRECTION('',(0.,1.,0.));
#3526=VECTOR('',#3525,0.6);
#3527=LINE('',#3524,#3526);
#3528=EDGE_CURVE('',#1709,#1508,#3527,.T.);
#3529=ORIENTED_EDGE('',*,*,#3528,.T.);
#3530=EDGE_LOOP('',(#3516,#3522,#3523,#3529));
#3531=FACE_BOUND('',#3530,.T.);
#3532=ADVANCED_FACE('',(#3531),#3515,.F.);
#3533=CARTESIAN_POINT('',(40.750359564,-31.425,-2.129974658));
#3534=DIRECTION('',(0.,1.,0.));
#3535=DIRECTION('',(-1.,0.,0.));
#3536=AXIS2_PLACEMENT_3D('',#3533,#3534,#3535);
#3537=CYLINDRICAL_SURFACE('',#3536,0.1);
#3538=ORIENTED_EDGE('',*,*,#1539,.F.);
#3539=ORIENTED_EDGE('',*,*,#3462,.F.);
#3540=ORIENTED_EDGE('',*,*,#1764,.F.);
#3541=ORIENTED_EDGE('',*,*,#3484,.F.);
#3542=EDGE_LOOP('',(#3538,#3539,#3540,#3541));
#3543=FACE_BOUND('',#3542,.T.);
#3544=ADVANCED_FACE('',(#3543),#3537,.F.);
#3545=CARTESIAN_POINT('',(40.750359564,-31.425,-3.27997463));
#3546=DIRECTION('',(0.,1.,0.));
#3547=DIRECTION('',(-1.,0.,0.));
#3548=AXIS2_PLACEMENT_3D('',#3545,#3546,#3547);
#3549=CYLINDRICAL_SURFACE('',#3548,0.1);
#3550=ORIENTED_EDGE('',*,*,#1554,.F.);
#3551=ORIENTED_EDGE('',*,*,#3477,.F.);
#3552=ORIENTED_EDGE('',*,*,#1749,.F.);
#3553=ORIENTED_EDGE('',*,*,#3506,.F.);
#3554=EDGE_LOOP('',(#3550,#3551,#3552,#3553));
#3555=FACE_BOUND('',#3554,.T.);
#3556=ADVANCED_FACE('',(#3555),#3549,.F.);
#3557=CARTESIAN_POINT('',(51.688060382,-31.425,-3.27997463));
#3558=DIRECTION('',(0.,1.,0.));
#3559=DIRECTION('',(-1.,0.,0.));
#3560=AXIS2_PLACEMENT_3D('',#3557,#3558,#3559);
#3561=CYLINDRICAL_SURFACE('',#3560,0.1);
#3562=ORIENTED_EDGE('',*,*,#1505,.F.);
#3563=ORIENTED_EDGE('',*,*,#3499,.F.);
#3564=ORIENTED_EDGE('',*,*,#1732,.F.);
#3565=ORIENTED_EDGE('',*,*,#3521,.F.);
#3566=EDGE_LOOP('',(#3562,#3563,#3564,#3565));
#3567=FACE_BOUND('',#3566,.T.);
#3568=ADVANCED_FACE('',(#3567),#3561,.F.);
#3569=CARTESIAN_POINT('',(51.688060382,-31.425,-2.129974658));
#3570=DIRECTION('',(0.,1.,0.));
#3571=DIRECTION('',(-1.,0.,0.));
#3572=AXIS2_PLACEMENT_3D('',#3569,#3570,#3571);
#3573=CYLINDRICAL_SURFACE('',#3572,0.1);
#3574=ORIENTED_EDGE('',*,*,#1522,.F.);
#3575=ORIENTED_EDGE('',*,*,#3528,.F.);
#3576=ORIENTED_EDGE('',*,*,#1715,.F.);
#3577=ORIENTED_EDGE('',*,*,#3455,.F.);
#3578=EDGE_LOOP('',(#3574,#3575,#3576,#3577));
#3579=FACE_BOUND('',#3578,.T.);
#3580=ADVANCED_FACE('',(#3579),#3573,.F.);
#3581=CARTESIAN_POINT('',(53.85605666,33.025,-0.201817459));
#3582=DIRECTION('',(0.707106781,-0.707106781,0.));
#3583=DIRECTION('',(0.,0.,1.));
#3584=AXIS2_PLACEMENT_3D('',#3581,#3582,#3583);
#3585=PLANE('',#3584);
#3586=CARTESIAN_POINT('',(53.85605666,33.025,-2.820809634));
#3587=DIRECTION('',(-0.70710678,-0.707106782,0.));
#3588=VECTOR('',#3587,0.183847763);
#3589=LINE('',#3586,#3588);
#3590=EDGE_CURVE('',#1109,#2160,#3589,.T.);
#3591=ORIENTED_EDGE('',*,*,#3590,.F.);
#3592=ORIENTED_EDGE('',*,*,#1114,.F.);
#3593=CARTESIAN_POINT('',(53.72605666,32.895,-3.892809634));
#3594=DIRECTION('',(0.70710678,0.707106782,-0.));
#3595=VECTOR('',#3594,0.183847763);
#3596=LINE('',#3593,#3595);
#3597=EDGE_CURVE('',#2168,#1100,#3596,.T.);
#3598=ORIENTED_EDGE('',*,*,#3597,.F.);
#3599=ORIENTED_EDGE('',*,*,#2173,.F.);
#3600=EDGE_LOOP('',(#3591,#3592,#3598,#3599));
#3601=FACE_BOUND('',#3600,.T.);
#3602=ADVANCED_FACE('',(#3601),#3585,.F.);
#3603=CARTESIAN_POINT('',(52.82605666,33.025,-3.892809634));
#3604=DIRECTION('',(0.,1.,0.));
#3605=DIRECTION('',(0.,-0.,1.));
#3606=AXIS2_PLACEMENT_3D('',#3603,#3604,#3605);
#3607=CONICAL_SURFACE('',#3606,1.03,44.999999898);
#3608=ORIENTED_EDGE('',*,*,#3597,.T.);
#3609=ORIENTED_EDGE('',*,*,#1106,.F.);
#3610=CARTESIAN_POINT('',(52.82605666,32.895,-4.792809634));
#3611=DIRECTION('',(-0.,0.707106781,-0.707106781));
#3612=VECTOR('',#3611,0.183847763);
#3613=LINE('',#3610,#3612);
#3614=EDGE_CURVE('',#2067,#1092,#3613,.T.);
#3615=ORIENTED_EDGE('',*,*,#3614,.F.);
#3616=ORIENTED_EDGE('',*,*,#2214,.F.);
#3617=EDGE_LOOP('',(#3608,#3609,#3615,#3616));
#3618=FACE_BOUND('',#3617,.T.);
#3619=ADVANCED_FACE('',(#3618),#3607,.F.);
#3620=CARTESIAN_POINT('',(52.82605666,32.895,-2.820809634));
#3621=DIRECTION('',(0.,1.,0.));
#3622=DIRECTION('',(0.,-0.,1.));
#3623=AXIS2_PLACEMENT_3D('',#3620,#3621,#3622);
#3624=CONICAL_SURFACE('',#3623,0.9,44.999999898);
#3625=ORIENTED_EDGE('',*,*,#3590,.T.);
#3626=ORIENTED_EDGE('',*,*,#2232,.F.);
#3627=CARTESIAN_POINT('',(52.82605666,33.025,-1.790809634));
#3628=DIRECTION('',(-0.,-0.707106781,-0.707106781));
#3629=VECTOR('',#3628,0.183847763);
#3630=LINE('',#3627,#3629);
#3631=EDGE_CURVE('',#1117,#2137,#3630,.T.);
#3632=ORIENTED_EDGE('',*,*,#3631,.F.);
#3633=ORIENTED_EDGE('',*,*,#1123,.F.);
#3634=EDGE_LOOP('',(#3625,#3626,#3632,#3633));
#3635=FACE_BOUND('',#3634,.T.);
#3636=ADVANCED_FACE('',(#3635),#3624,.F.);
#3637=CARTESIAN_POINT('',(59.62,33.025,-4.922809634));
#3638=DIRECTION('',(0.,-0.707106781,-0.707106781));
#3639=DIRECTION('',(1.,0.,0.));
#3640=AXIS2_PLACEMENT_3D('',#3637,#3638,#3639);
#3641=PLANE('',#3640);
#3642=ORIENTED_EDGE('',*,*,#3614,.T.);
#3643=ORIENTED_EDGE('',*,*,#1097,.F.);
#3644=CARTESIAN_POINT('',(45.68605666,32.895,-4.792809634));
#3645=CARTESIAN_POINT('',(45.68605666,32.938333333,-4.836142967));
#3646=CARTESIAN_POINT('',(45.68605666,32.981666666,-4.8794763));
#3647=CARTESIAN_POINT('',(45.68605666,33.025,-4.922809633));
#3648=B_SPLINE_CURVE_WITH_KNOTS('',3,(#3644,#3645,#3646,#3647),.UNSPECIFIED.,.F.,.F.,(4,4),(0.,0.183847763),.UNSPECIFIED.);
#3649=EDGE_CURVE('',#2075,#1083,#3648,.T.);
#3650=ORIENTED_EDGE('',*,*,#3649,.F.);
#3651=ORIENTED_EDGE('',*,*,#2080,.F.);
#3652=EDGE_LOOP('',(#3642,#3643,#3650,#3651));
#3653=FACE_BOUND('',#3652,.T.);
#3654=ADVANCED_FACE('',(#3653),#3641,.F.);
#3655=CARTESIAN_POINT('',(53.17805666,32.895,-1.920809634));
#3656=DIRECTION('',(0.,0.707106781,-0.707106781));
#3657=DIRECTION('',(-1.,0.,0.));
#3658=AXIS2_PLACEMENT_3D('',#3655,#3656,#3657);
#3659=PLANE('',#3658);
#3660=ORIENTED_EDGE('',*,*,#3631,.T.);
#3661=ORIENTED_EDGE('',*,*,#2142,.F.);
#3662=CARTESIAN_POINT('',(45.68605666,33.025,-1.790809634));
#3663=DIRECTION('',(-0.,-0.707106782,-0.70710678));
#3664=VECTOR('',#3663,0.183847763);
#3665=LINE('',#3662,#3664);
#3666=EDGE_CURVE('',#1064,#2129,#3665,.T.);
#3667=ORIENTED_EDGE('',*,*,#3666,.F.);
#3668=ORIENTED_EDGE('',*,*,#1129,.F.);
#3669=EDGE_LOOP('',(#3660,#3661,#3667,#3668));
#3670=FACE_BOUND('',#3669,.T.);
#3671=ADVANCED_FACE('',(#3670),#3659,.T.);
#3672=CARTESIAN_POINT('',(45.68605666,32.895,-3.892809634));
#3673=DIRECTION('',(0.,1.,0.));
#3674=DIRECTION('',(0.,-0.,1.));
#3675=AXIS2_PLACEMENT_3D('',#3672,#3673,#3674);
#3676=CONICAL_SURFACE('',#3675,0.9,44.999999898);
#3677=ORIENTED_EDGE('',*,*,#3649,.T.);
#3678=ORIENTED_EDGE('',*,*,#1089,.F.);
#3679=CARTESIAN_POINT('',(44.78605666,32.895,-3.892809634));
#3680=DIRECTION('',(-0.707106781,0.707106781,0.));
#3681=VECTOR('',#3680,0.183847763);
#3682=LINE('',#3679,#3681);
#3683=EDGE_CURVE('',#2098,#1075,#3682,.T.);
#3684=ORIENTED_EDGE('',*,*,#3683,.F.);
#3685=ORIENTED_EDGE('',*,*,#2196,.F.);
#3686=EDGE_LOOP('',(#3677,#3678,#3684,#3685));
#3687=FACE_BOUND('',#3686,.T.);
#3688=ADVANCED_FACE('',(#3687),#3676,.F.);
#3689=CARTESIAN_POINT('',(45.68605666,32.895,-2.820809634));
#3690=DIRECTION('',(0.,1.,0.));
#3691=DIRECTION('',(0.,-0.,1.));
#3692=AXIS2_PLACEMENT_3D('',#3689,#3690,#3691);
#3693=CONICAL_SURFACE('',#3692,0.9,44.999999898);
#3694=ORIENTED_EDGE('',*,*,#3666,.T.);
#3695=ORIENTED_EDGE('',*,*,#2250,.F.);
#3696=CARTESIAN_POINT('',(44.65605666,33.025,-2.820809634));
#3697=DIRECTION('',(0.707106781,-0.707106781,-0.));
#3698=VECTOR('',#3697,0.183847763);
#3699=LINE('',#3696,#3698);
#3700=EDGE_CURVE('',#1066,#2106,#3699,.T.);
#3701=ORIENTED_EDGE('',*,*,#3700,.F.);
#3702=ORIENTED_EDGE('',*,*,#1072,.F.);
#3703=EDGE_LOOP('',(#3694,#3695,#3701,#3702));
#3704=FACE_BOUND('',#3703,.T.);
#3705=ADVANCED_FACE('',(#3704),#3693,.F.);
#3706=CARTESIAN_POINT('',(44.78605666,32.895,-2.767209634));
#3707=DIRECTION('',(0.707106781,0.707106781,0.));
#3708=DIRECTION('',(0.,0.,-1.));
#3709=AXIS2_PLACEMENT_3D('',#3706,#3707,#3708);
#3710=PLANE('',#3709);
#3711=ORIENTED_EDGE('',*,*,#3683,.T.);
#3712=ORIENTED_EDGE('',*,*,#1080,.F.);
#3713=ORIENTED_EDGE('',*,*,#3700,.T.);
#3714=ORIENTED_EDGE('',*,*,#2111,.F.);
#3715=EDGE_LOOP('',(#3711,#3712,#3713,#3714));
#3716=FACE_BOUND('',#3715,.T.);
#3717=ADVANCED_FACE('',(#3716),#3710,.T.);
#3718=CLOSED_SHELL('',(#1056,#1167,#1209,#1311,#1432,#1456,#1594,#1613,#1632,#1651,#1692,#1838,#1878,#1964,#1988,#2012,#2036,#2060,#2091,#2122,#2153,#2184,#2202,#2220,#2238,#2256,
#2298,#2329,#2361,#2394,#2427,#2458,#2490,#2514,#2538,#2556,#2574,#2592,#2610,#2628,#2646,#2658,#2682,#2700,#2718,#2745,#2763,#2782,#2800,#2812,#2862,
#2902,#2934,#2968,#3001,#3032,#3064,#3088,#3112,#3130,#3148,#3166,#3184,#3202,#3220,#3232,#3256,#3274,#3292,#3310,#3328,#3346,#3364,#3376,#3398,#3420,
#3432,#3444,#3466,#3488,#3510,#3532,#3544,#3556,#3568,#3580,#3602,#3619,#3636,#3654,#3671,#3688,#3705,#3717));
#3719=MANIFOLD_SOLID_BREP('\X2\5B9E4F53\X0\  02',#3718);
#3720=DRAUGHTING_PRE_DEFINED_COLOUR('white');
#3721=FILL_AREA_STYLE_COLOUR('',#3720);
#3722=FILL_AREA_STYLE('',(#3721));
#3723=SURFACE_STYLE_FILL_AREA(#3722);
#3724=SURFACE_SIDE_STYLE('',(#3723));
#3725=SURFACE_STYLE_USAGE(.BOTH.,#3724);
#3726=PRESENTATION_STYLE_ASSIGNMENT((#3725));
#1016=STYLED_ITEM('',(#3726),#3719);
#997=SHAPE_REPRESENTATION('\X2\751F4EA78D446599\X0\20260912.step',(#15),#995);
#998=ADVANCED_BREP_SHAPE_REPRESENTATION('\X2\751F4EA78D446599\X0\20260912.step',(#3719),#995);
#3734=SHAPE_REPRESENTATION_RELATIONSHIP('','',#997,#998);
#3735=CARTESIAN_POINT('',(0.,0.,0.));
#3736=DIRECTION('',(0.,0.,1.));
#3737=DIRECTION('',(1.,0.,0.));
#3738=AXIS2_PLACEMENT_3D('',#3735,#3736,#3737);
#3740=MAPPED_ITEM('',#3739,#3738);
#3739=REPRESENTATION_MAP(#3738,#997);
#3741=APPLICATION_CONTEXT('Managed model based 3d engineering');
#3742=APPLICATION_PROTOCOL_DEFINITION('international standard','ap242_managed_model_based_3d_engineering',2014,#3741);
#3743=PRODUCT_CONTEXT('',#3741,'mechanical');
#3744=PRODUCT_DEFINITION_CONTEXT('part definition',#3741,'design');
#1005=PRODUCT('\X2\751F4EA78D446599\X0\20260912.step','\X2\751F4EA78D446599\X0\20260912.step','',(#3743));
#3745=PRODUCT_RELATED_PRODUCT_CATEGORY('part','',(#1005));
#3746=PRODUCT_DEFINITION_FORMATION_WITH_SPECIFIED_SOURCE('','',#1005,.NOT_KNOWN.);
#1006=PRODUCT_DEFINITION('design','',#3746,#3744);
#1004=PRODUCT_DEFINITION_SHAPE('','',#1006);
#3747=SHAPE_DEFINITION_REPRESENTATION(#1004,#997);
#996=DRAUGHTING_MODEL('',(#3740),#995);
#969=SHAPE_REPRESENTATION('\X2\751F4EA78D446599\X0\20260912-02.step',(#15,#1010),#967);
#3748=CARTESIAN_POINT('',(0.,0.,0.));
#3749=DIRECTION('',(0.,0.,1.));
#3750=DIRECTION('',(1.,0.,0.));
#3751=AXIS2_PLACEMENT_3D('',#3748,#3749,#3750);
#3753=MAPPED_ITEM('',#3752,#3751);
#3752=REPRESENTATION_MAP(#3751,#969);
#977=PRODUCT('\X2\751F4EA78D446599\X0\20260912-02.step','\X2\751F4EA78D446599\X0\20260912-02.step','',(#3743));
#3754=PRODUCT_RELATED_PRODUCT_CATEGORY('part','',(#977));
#3755=PRODUCT_DEFINITION_FORMATION_WITH_SPECIFIED_SOURCE('','',#977,.NOT_KNOWN.);
#978=PRODUCT_DEFINITION('design','',#3755,#3744);
#976=PRODUCT_DEFINITION_SHAPE('','',#978);
#3756=SHAPE_DEFINITION_REPRESENTATION(#976,#969);
#968=DRAUGHTING_MODEL('',(#3753),#967);
#16=SHAPE_REPRESENTATION('root',(#15,#982),#10);
#17=ADVANCED_BREP_SHAPE_REPRESENTATION('root',(#952),#10);
#3764=SHAPE_REPRESENTATION_RELATIONSHIP('','',#16,#17);
#3765=CARTESIAN_POINT('',(0.,0.,0.));
#3766=DIRECTION('',(0.,0.,1.));
#3767=DIRECTION('',(1.,0.,0.));
#3768=AXIS2_PLACEMENT_3D('',#3765,#3766,#3767);
#3770=MAPPED_ITEM('',#3769,#3768);
#3769=REPRESENTATION_MAP(#3768,#16);
#24=PRODUCT('root','root','',(#3743));
#3771=PRODUCT_RELATED_PRODUCT_CATEGORY('part','',(#24));
#3772=PRODUCT_DEFINITION_FORMATION_WITH_SPECIFIED_SOURCE('','',#24,.NOT_KNOWN.);
#25=PRODUCT_DEFINITION('design','',#3772,#3744);
#23=PRODUCT_DEFINITION_SHAPE('','',#25);
#3773=SHAPE_DEFINITION_REPRESENTATION(#23,#16);
#11=DRAUGHTING_MODEL('',(#3770),#10);
#3774=DESCRIPTIVE_REPRESENTATION_ITEM('KEY','/Users/mavic/Library/Containers/com.shapr3d.shapr/Data/tmp/C4991AAB-D185-4971-8CB9-84C6002A2E52.tmp');
#3775=PROPERTY_DEFINITION('KEY','',#25);
#3776=REPRESENTATION('',(#3774),#10);
#3777=PROPERTY_DEFINITION_REPRESENTATION(#3775,#3776);
#3778=GENERAL_PROPERTY('','KEY','');
#3779=GENERAL_PROPERTY_ASSOCIATION('','',#3778,#3775);
#1=MECHANICAL_DESIGN_GEOMETRIC_PRESENTATION_REPRESENTATION('',(#26,#1057,#1210,#1312,#1457,#1595,#1614,#1633,#1652,#1016),#10);
ENDSEC;
END-ISO-10303-21;
